event_time_utc,source,ags,municipality_name,event_type,details_json
2026-03-08T18:25:41.851266+00:00,kommone,08437124,Herdwangen-Schönach,RESULT_UPDATED,"{""current_hash"": ""3f791d263d31ffa4c6f6c4141d3c03580afa4ce0071ffbd567e3e0ea921447d9"", ""previous_hash"": ""8591b31005370a5d0a76890ce9c8f32df53491d7f2a89ca2c32f7468f5e0e844""}"
2026-03-08T18:25:41.851242+00:00,kommone,08437118,Wald,RESULT_UPDATED,"{""current_hash"": ""d3b891a8127bb6641ae0b880cf65fd81b12eaa7c411888b1aa857a9b9b87b132"", ""previous_hash"": ""d97116322f0ead9bc6626b0a7d3e32654329f9bfe784d26480c0335c65e56cc5""}"
2026-03-08T18:25:41.851225+00:00,kommone,08437114,"Veringenstadt, Stadt",RESULT_UPDATED,"{""current_hash"": ""4ed7abceb6c0ebcfa088e1fb4f76f497d83d5f16a844cb8b9612aad8746a0de6"", ""previous_hash"": ""80210501114e9d42a55593efa4637eaeb8770421f951c3d8fe7beb9dd19a37c5""}"
2026-03-08T18:25:41.851209+00:00,kommone,08437107,Stetten am kalten Markt,RESULT_UPDATED,"{""current_hash"": ""98c4deea50d8fbc21a4a277399c8c9a232636f6cba38c6d15944536c3426b5a3"", ""previous_hash"": ""d6e8f869ae35f77c232db7d9f794347d9b274f81dfb60dbef31d94d1c1d5c317""}"
2026-03-08T18:25:41.851191+00:00,kommone,08437105,Sigmaringendorf,RESULT_UPDATED,"{""current_hash"": ""3ebd7a65cca58179253836115e86a3ec8092675d3e1672b2c21dc3af3eea01ca"", ""previous_hash"": ""fa9049bb63e8fa59c8e7d6921a1a5c3d10f7d3a97174848077f75c50301f333b""}"
2026-03-08T18:25:41.851174+00:00,kommone,08437104,"Sigmaringen, Stadt",RESULT_UPDATED,"{""current_hash"": ""ddf0cfb24ba6e566953c3ec3d91300980ed9cb1ec064fe7eccde065f052c000f"", ""previous_hash"": ""248bd870d68170925fc82785d39539e211c1ee2581b2c89bad9383331c03a7d7""}"
2026-03-08T18:25:41.851141+00:00,kommone,08437100,"Bad Saulgau, Stadt",RESULT_UPDATED,"{""current_hash"": ""75d1835cbb077098a7e8c4213102b7ebb486a6f424a0f955ef39dfae62b4c961"", ""previous_hash"": ""ce5db6868262a1f3e98f70f88fa791236d7320b10593f9eaa46c58beb6beba5e""}"
2026-03-08T18:25:41.851124+00:00,kommone,08437088,"Pfullendorf, Stadt",RESULT_UPDATED,"{""current_hash"": ""cf7f65e707344583fa81753847ceb170e3ff7ac213418a42be8bc1ce25f61045"", ""previous_hash"": ""ac38267e1099e73fb588e25375b309af824afcf772f9abdd4f3a1a82b93b9053""}"
2026-03-08T18:25:41.851108+00:00,kommone,08437086,Ostrach,RESULT_UPDATED,"{""current_hash"": ""7751c60aaaca86732737827c957bfe40eeea2b22e7b103cbce9e9645464722c4"", ""previous_hash"": ""269e57b0f160acb5f7367e2da88a5a1119806cd528dd0b52cf8463a4700113f0""}"
2026-03-08T18:25:41.851084+00:00,kommone,08437078,"Meßkirch, Stadt",RESULT_UPDATED,"{""current_hash"": ""c67f134bac558b82999fa3905452e1ae4f0cf5382165b0adb1825621a2189333"", ""previous_hash"": ""b8df79af77f76ad40129124a01a4ff4511d44be290eb6ae6c5a3a5480f0ef206""}"
2026-03-08T18:25:41.851067+00:00,kommone,08437076,"Mengen, Stadt",RESULT_UPDATED,"{""current_hash"": ""df8f0fb87202d16e4d9664c5ad0c255830af66704f52e4a47e5828d3dc5ed85e"", ""previous_hash"": ""1d9d3bc33f09712c76948736d8cfc7eed0bcf224e1b501e8dfc4dfb272febab1""}"
2026-03-08T18:25:41.851050+00:00,kommone,08437072,Leibertingen,RESULT_UPDATED,"{""current_hash"": ""b77110b8dd034efea6390bbb91a7bc2b12fa5305e07fac46df5a2a7f2eba0a3c"", ""previous_hash"": ""23d6e18eebe3cf20ddee5ed0cdc7adae7bba0acb256ea154fa112f4309a9b7fc""}"
2026-03-08T18:25:41.851034+00:00,kommone,08437065,Krauchenwies,RESULT_UPDATED,"{""current_hash"": ""249ea5a0e4e508255dd5ce20cd84393b52f90a319481cf37bcadfd81e9ecac30"", ""previous_hash"": ""9f730187f84b0769f882f9ec427cb73facddb7f116e559f4c2318c7db202c202""}"
2026-03-08T18:25:41.851010+00:00,kommone,08437056,Illmensee,RESULT_ADDED,"{""reported_precincts"": null, ""total_precincts"": null}"
2026-03-08T18:25:41.850994+00:00,kommone,08437053,Hohentengen,RESULT_ADDED,"{""reported_precincts"": null, ""total_precincts"": null}"
2026-03-08T18:25:41.850977+00:00,kommone,08437047,"Hettingen, Stadt",RESULT_UPDATED,"{""current_hash"": ""02c28848132cc7cff4906993f4f5ef835ef8ff43034ee85e7d447625bf41b735"", ""previous_hash"": ""4b556e8b035ce3af06771a27bc5143ee381ac2f0459d67ee64d39272719742c5""}"
2026-03-08T18:25:41.850960+00:00,kommone,08437044,Herbertingen,RESULT_UPDATED,"{""current_hash"": ""55f204f77d53dd7111d652d42cbb4a9a21f2abba01db663127eb90438d64c077"", ""previous_hash"": ""11384176988f1321045a201d4303e4edae9bd0a3296c3c7d9a9b5d05a30cfabc""}"
2026-03-08T18:25:41.850943+00:00,kommone,08437031,"Gammertingen, Stadt",RESULT_UPDATED,"{""current_hash"": ""f463bc75e6afbb7fca85d0440ea427d3b334e7b51d84ad9e97413aebf18454a0"", ""previous_hash"": ""55226c0c2799ba8b0b7b25ecdc1ee896eee0ec517a9374406fe711da00223883""}"
2026-03-08T18:25:41.850924+00:00,kommone,08437008,Bingen,RESULT_UPDATED,"{""current_hash"": ""66af3276e4d9f1248615cba8b041f5f332bdef331cc25474fa6fb0e5d43a4e00"", ""previous_hash"": ""a4b8968ed6a2a3f43b2b588c1b1cedd6be11196cbb221ac664fe9ee9b8a485ac""}"
2026-03-08T18:25:41.850907+00:00,kommone,08437005,Beuron,RESULT_UPDATED,"{""current_hash"": ""87d8204c3a6076331887d188bf424d97aede56ecbaefae82467712f26f29df34"", ""previous_hash"": ""1e7270e93bea3880f89c21a49194bbb07854e8dee33cfde36cc473ec56baba8d""}"
2026-03-08T18:25:41.850562+00:00,kommone,08435067,Deggenhausertal,RESULT_UPDATED,"{""current_hash"": ""db9e6ab284fd3af82f560473746e346810486d7e3e8bbb652a164048fa0afa18"", ""previous_hash"": ""34d87fa6333edc94dd5b26d6da88e3ae019c72d4da833b12a68322883049603f""}"
2026-03-08T18:25:41.850544+00:00,kommone,08435066,Uhldingen-Mühlhofen,RESULT_UPDATED,"{""current_hash"": ""2edeff6371a72a4d8860675bb188fb5ac3778fada43e9ce6b053f910d15e9d82"", ""previous_hash"": ""55eaff4d7e3be41bf9e028d6ead6166c529099f1e7cc77176479e4615192fa1f""}"
2026-03-08T18:25:41.850526+00:00,kommone,08435059,"Überlingen, Stadt",RESULT_UPDATED,"{""current_hash"": ""1711b60cac6cb41a7fb254d88884ff1137d5a0fef3c18ae4e453b3d5f0fcc8cb"", ""previous_hash"": ""9b7c784ddbe7c1b34c01ff9d90f25951bf5dd9a10edbbe958dcdcda17fdda402""}"
2026-03-08T18:25:41.850501+00:00,kommone,08435054,Stetten,RESULT_UPDATED,"{""current_hash"": ""a183fddd8ebd84d4e3960b1960656c50bcdf050ce7bce58e9d1d2dc5d1832330"", ""previous_hash"": ""c41b156cc097d2878287f8d1a2f1a67173a5c7a5af81390f10ac7635f09c5a9e""}"
2026-03-08T18:25:41.850476+00:00,kommone,08435052,Salem,RESULT_UPDATED,"{""current_hash"": ""18580257c3fb6ea177a367795f18bafe523b5ed82b688505f63bc44a2204381c"", ""previous_hash"": ""1e782ad04c57c98b2e8a6cc4632447fd6c600fe7e25a613e714a620dd42def5f""}"
2026-03-08T18:25:41.850459+00:00,kommone,08435047,Owingen,RESULT_UPDATED,"{""current_hash"": ""0455a18f4f080de03790745dd180e5c16a14d2c2befd407fd30ff5a56f24056d"", ""previous_hash"": ""ce44b1a22e16d7eeb621ca381e0d14886047afbc9d4bed6ab66369897005aafd""}"
2026-03-08T18:25:41.850443+00:00,kommone,08435045,Oberteuringen,RESULT_UPDATED,"{""current_hash"": ""b126f4c9d2b27dfd3ee74c4482ef04a110779f38a645e2c788fecb808c177a33"", ""previous_hash"": ""ab84973cc63c45df2423210886010775b9c4377be42dc5b07ff05d11783848d7""}"
2026-03-08T18:25:41.850418+00:00,kommone,08435036,"Meersburg, Stadt",RESULT_UPDATED,"{""current_hash"": ""d4be26e726f7cc882b7a2bfe5227e27edd5a4b771eb76cb5c2350dcb5fa56fa9"", ""previous_hash"": ""8b3530482da04ff718426e2272afe42634c761687dbbd23a325deee5a1166e0a""}"
2026-03-08T18:25:41.850388+00:00,kommone,08435034,"Markdorf, Stadt",RESULT_UPDATED,"{""current_hash"": ""c79d2fef95beea8e910a52e7eecb14567fe94dfd635b24daab109ace4aa89b71"", ""previous_hash"": ""bd10fa9bd8089b19899f909869d72919e4f8b209f309dd937905f7a759945887""}"
2026-03-08T18:25:41.850371+00:00,kommone,08435030,Langenargen,RESULT_UPDATED,"{""current_hash"": ""6fb6354e9fd8241e48fde37a65212a582c4e9d9b0ca5220629dbc46eefba726e"", ""previous_hash"": ""044ed06fcc01f0e2446fb2e961a5e929265e11b8d47fbcd07f50ed73e7b854e4""}"
2026-03-08T18:25:41.850355+00:00,kommone,08435029,Kressbronn am Bodensee,RESULT_UPDATED,"{""current_hash"": ""cb8752b492540a31512753a7a07fef95d1e9aea6c9d9297a7efe4dd2573aa0c9"", ""previous_hash"": ""49048f795cb38bd6e544142bcff7610f734bb7eb706944dd18bba8c2ff096c5c""}"
2026-03-08T18:25:41.850336+00:00,kommone,08435024,Immenstaad am Bodensee,RESULT_UPDATED,"{""current_hash"": ""d90f251d94f5759070891f461aed49226435a52e5ae3759bc63306afce585c34"", ""previous_hash"": ""8ae9dafe1b31b85bab686a2e24a0b3093707effddece3a00de57ee1d0b6c2dd1""}"
2026-03-08T18:25:41.850312+00:00,kommone,08435020,Heiligenberg,RESULT_UPDATED,"{""current_hash"": ""e5c653eb07071dbab89317768eea341813be4ba8a389e433d1e60573cfcb37ed"", ""previous_hash"": ""97583a9aab260a7c519fa1344547c085e1ed0108b7f0e14644f9e6afe943d86b""}"
2026-03-08T18:25:41.850296+00:00,kommone,08435018,Hagnau am Bodensee,RESULT_UPDATED,"{""current_hash"": ""89a44439d1d38f85e2f3425772e785c9e7b0359b00937f00cff6930df60b2288"", ""previous_hash"": ""cc47a9d4d9ac85ffa21a1d43b6f8666021c93394f62cb6edd4b44db224de0545""}"
2026-03-08T18:25:41.850280+00:00,kommone,08435016,"Friedrichshafen, Stadt",RESULT_UPDATED,"{""current_hash"": ""2c34a4b8a2812525d4282ae56feab655fff3fa012dc62bc294a80b6cde505754"", ""previous_hash"": ""2c1c873c63a23d0bc8d9de6dc0f9dac2278497696cf36708eda97f9a12da56a9""}"
2026-03-08T18:25:41.850263+00:00,kommone,08435015,Frickingen,RESULT_UPDATED,"{""current_hash"": ""0787089affdc6f9f53b5482fa6f0939217ee97aabacdfb5a266d0381d798a550"", ""previous_hash"": ""2fa48eaa4285b764d47a05a1e8d2d538db1fadfa110b3cf2a10892ee1cab6745""}"
2026-03-08T18:25:41.850248+00:00,kommone,08435013,Eriskirch,RESULT_ADDED,"{""reported_precincts"": null, ""total_precincts"": null}"
2026-03-08T18:25:41.850217+00:00,kommone,08426135,Gutenzell-Hürbel,RESULT_ADDED,"{""reported_precincts"": null, ""total_precincts"": null}"
2026-03-08T18:25:41.850200+00:00,kommone,08426134,Schemmerhofen,RESULT_UPDATED,"{""current_hash"": ""3ab45358696b2298779515f19398887af22869876085d3c06632399cf578d2db"", ""previous_hash"": ""ff13bc56b1a1fab8dc152e8065f069f219ea95a50f9c98413759408eff657c8a""}"
2026-03-08T18:25:41.850182+00:00,kommone,08426128,Warthausen,RESULT_UPDATED,"{""current_hash"": ""dfac3e9bb8cb34882b70680e40858429cab8f7d35157e4daa230bf1112006d79"", ""previous_hash"": ""a50e641906298a149f94d22160644e4af9710fdf06a39e5e090530b772a394bb""}"
2026-03-08T18:25:41.850166+00:00,kommone,08426125,Wain,RESULT_ADDED,"{""reported_precincts"": null, ""total_precincts"": null}"
2026-03-08T18:25:41.850150+00:00,kommone,08426124,Uttenweiler,RESULT_UPDATED,"{""current_hash"": ""79c77560be3d1868309a28e879bf6fbb7e02fc5387a2c9c93f16b304286c088e"", ""previous_hash"": ""b63084d7d05cfe308b60e88699ad378df8f7b55dfc5b66efe64cfc24f9d598a2""}"
2026-03-08T18:25:41.850133+00:00,kommone,08426121,Unlingen,RESULT_UPDATED,"{""current_hash"": ""b63f890f10c1938cc81256060f7854522ce7e8edcdbea400ea0386b8b7aec32a"", ""previous_hash"": ""7ffcbca61c210a0fbeb30fcab0a2b8d7a27993856c7bfa7fc3e16d4f6efbe2fc""}"
2026-03-08T18:25:41.850116+00:00,kommone,08426120,Ummendorf,RESULT_UPDATED,"{""current_hash"": ""ee0bc8cbb2a88c289d4cfa6745f1b39ff0c5e9a385eaada980117c5b4ef60a9c"", ""previous_hash"": ""47b781b80d9845310ae2ee108d63726dc93b807f300f3cba7e635f132708251a""}"
2026-03-08T18:25:41.850084+00:00,kommone,08426113,Steinhausen an der Rottum,RESULT_UPDATED,"{""current_hash"": ""6daf5c21f4b51ca4bf373b2c24ca70d85928393ec10f773030431ea296da2c31"", ""previous_hash"": ""d45b4d9b670732d0e65bfb718c8d3bb4d3e108d7d34d9b5e9147837bd2f98592""}"
2026-03-08T18:25:41.850068+00:00,kommone,08426109,Seekirch,RESULT_ADDED,"{""reported_precincts"": null, ""total_precincts"": null}"
2026-03-08T18:25:41.850049+00:00,kommone,08426108,Schwendi,RESULT_UPDATED,"{""current_hash"": ""662f01e68ecbff45a0a61d85b698d25632dd7eb9a94e38090848db9068879cde"", ""previous_hash"": ""f025665ef284b5c805f40136c8cf8f0e71455a0710daf872b34134be22a9934b""}"
2026-03-08T18:25:41.850025+00:00,kommone,08426097,"Riedlingen, Stadt",RESULT_UPDATED,"{""current_hash"": ""80c81946e9258f050d7d2c261bc1c0c040c2d7fdd732cef4aaaf505bee351805"", ""previous_hash"": ""29da37b99c65b61eb72fa66e72cfaab47e60dd47c8aea5918323ddd55dd85695""}"
2026-03-08T18:25:41.849999+00:00,kommone,08426087,"Ochsenhausen, Stadt",RESULT_UPDATED,"{""current_hash"": ""85daa5b9a13438f81a9299795df96f47191b6e61f675c92592579e5f735e71a3"", ""previous_hash"": ""88362f93e20ea08f0d9a460ecb851a36e5245ea371d4c9bfaa8967530a20b5ae""}"
2026-03-08T18:25:41.849976+00:00,kommone,08426074,Mittelbiberach,RESULT_ADDED,"{""reported_precincts"": null, ""total_precincts"": null}"
2026-03-08T18:25:41.849960+00:00,kommone,08426073,Mietingen,RESULT_UPDATED,"{""current_hash"": ""9679421d3d183b49f928273f64c7b256a0167663e668d2774712162d068e3e1e"", ""previous_hash"": ""9b157ed19d046c5c6262a1351bb5e7e69eb13b7330bbfa593b29be7f098ee55b""}"
2026-03-08T18:25:41.849944+00:00,kommone,08426071,Maselheim,RESULT_ADDED,"{""reported_precincts"": null, ""total_precincts"": null}"
2026-03-08T18:25:41.849928+00:00,kommone,08426070,"Laupheim, Stadt",RESULT_UPDATED,"{""current_hash"": ""ffa5ed8231a460ef3b8dbcb4bd3b55f3aeaa129d4bd4c717d071a16e968ee80c"", ""previous_hash"": ""069c43c6b20d3f10ff0a464a0b0ff332673fd1d77e80764648e184c4dbd08860""}"
2026-03-08T18:25:41.849911+00:00,kommone,08426067,Langenenslingen,RESULT_UPDATED,"{""current_hash"": ""746acaf0ab285f6b07ef3d8acf68ff4710e9c7d867334d158aceec1a29389bb4"", ""previous_hash"": ""d168de7ccff4eb6b0e63b7c9aa93afc45d483119755c62f7fb62498b7ecfb2e0""}"
2026-03-08T18:25:41.849871+00:00,kommone,08426062,Ingoldingen,RESULT_UPDATED,"{""current_hash"": ""1714c6c1c78825cea579f6a73c11cfdf31e6b3bba1e06262d38db96ecb4ec28d"", ""previous_hash"": ""599951d4bbbfc5a7dd33477fe8f63d569245bb5381c8ab61abcb07dc35379f90""}"
2026-03-08T18:25:41.849855+00:00,kommone,08426058,Hochdorf,RESULT_UPDATED,"{""current_hash"": ""a3d6c417a2a6ed3bcf42d0604e9a096bf796ca04705dc1937ca67b3d2537607d"", ""previous_hash"": ""18e87deaf9954b52dc994b4eab374540f53ac68b75eb30f438e26afa44dce633""}"
2026-03-08T18:25:41.849839+00:00,kommone,08426045,Ertingen,RESULT_UPDATED,"{""current_hash"": ""6ee8989956627f9bbc23b0d83a43117e0321ec812db3314c55b97649bb900aa4"", ""previous_hash"": ""06fa8eff533a9833311f2b295f17b3dc15490ab244797021003f4573fab16d02""}"
2026-03-08T18:25:41.849804+00:00,kommone,08426038,Eberhardzell,RESULT_UPDATED,"{""current_hash"": ""fdc9904a978726a088e05a4ac10f4a18517bdc1dea6997e085347a7b929496a0"", ""previous_hash"": ""dbb0c826fdf7638402eb4feaa22e1a49cc39655a4ac0b7530be42839eb17915f""}"
2026-03-08T18:25:41.849788+00:00,kommone,08426036,Dürnau,RESULT_ADDED,"{""reported_precincts"": null, ""total_precincts"": null}"
2026-03-08T18:25:41.849772+00:00,kommone,08426035,Dürmentingen,RESULT_UPDATED,"{""current_hash"": ""6c6fe89d1cc32138a8472ff5f010f6463ce9a8ec4e725d9d95d495023125025f"", ""previous_hash"": ""5e08b9d47f9f1f069469579f70807d0b9dd0e3de83914e3deaecf609af35d5c6""}"
2026-03-08T18:25:41.849747+00:00,kommone,08426028,Burgrieden,RESULT_UPDATED,"{""current_hash"": ""15eb557908d874c73ef192ded0cff5983b3220a380ddf58cfdf966ead5757b01"", ""previous_hash"": ""1b0ac54b6ebd8ecbc288cb5b0d7dfc7b12adc998d4495bad78f93b081c9f356e""}"
2026-03-08T18:25:41.849731+00:00,kommone,08426021,"Biberach an der Riß, Stadt",RESULT_UPDATED,"{""current_hash"": ""aee54bb1a79ee458375fc66609a5b28997299f109b17164635ceef045419c9a5"", ""previous_hash"": ""20f61d6a4e1e09c2ccc957bdeba33b0084786789a825936a5bdc9cf5a227f357""}"
2026-03-08T18:25:41.849698+00:00,kommone,08426014,"Bad Schussenried, Stadt",RESULT_UPDATED,"{""current_hash"": ""8b33e42586a152f6dbd97ca8a919892cbe5162dbe515ea2cd92b85841df1cc8e"", ""previous_hash"": ""55a20a0ad2d54eb2744a570a77267276c4e694156d1106de862d570d575938f2""}"
2026-03-08T18:25:41.849682+00:00,kommone,08426013,"Bad Buchau, Stadt",RESULT_UPDATED,"{""current_hash"": ""9eab97617818b2be8ceac6895d0142dd007cb928651145336acec66b62875dcb"", ""previous_hash"": ""124ee868d4163bebf7297b714ba4d13bc059c241f657f5de73de974c048ad5cc""}"
2026-03-08T18:25:41.849665+00:00,kommone,08426011,Attenweiler,RESULT_UPDATED,"{""current_hash"": ""0f468315619b3261e863757408462833f38d2b91372c4b042527589fd37f2594"", ""previous_hash"": ""fad3c026a8922f9df52d464f89672c714faee97efac3018448f7d2187182d2da""}"
2026-03-08T18:25:41.849648+00:00,kommone,08426008,Altheim,RESULT_UPDATED,"{""current_hash"": ""471562507afc682e3c1a002920d3121dcff2737da9d014d11f6513b58c4c18ef"", ""previous_hash"": ""b6a0bfaab06101b91f1517549c93fe8c5c6a514357cdc84eba696cd6a0540016""}"
2026-03-08T18:25:41.849612+00:00,kommone,08426001,Achstetten,RESULT_UPDATED,"{""current_hash"": ""65bc280b33b072a962a4cfd0849f35e9c05a02364f58085bb4e05d88a196d19e"", ""previous_hash"": ""6dece6576710dce6d201a3021fe0a1cf04db4d20f19083cdb2d69b0fe170282e""}"
2026-03-08T18:25:41.849548+00:00,kommone,08425135,Westerstetten,RESULT_UPDATED,"{""current_hash"": ""a1e3ae2ae19532e2b044cb8d721d632715a089fbd5cc7956c43342c60401c79d"", ""previous_hash"": ""729a54e5fa30bc236560aeb96662b99ef6e8d6e13171b727ebe87acbf4cb558f""}"
2026-03-08T18:25:41.849513+00:00,kommone,08425125,Unterwachingen,RESULT_ADDED,"{""reported_precincts"": null, ""total_precincts"": null}"
2026-03-08T18:25:41.849497+00:00,kommone,08425124,Unterstadion,RESULT_UPDATED,"{""current_hash"": ""e9d78397b5abac3b3dd65ed43036aadc5189b5c65e2f972265935aa4c1e296c1"", ""previous_hash"": ""0b102e49a98ce38af670b67dd43666092173becb56783f89237be7bc053b4a21""}"
2026-03-08T18:25:41.849479+00:00,kommone,08425123,Untermarchtal,RESULT_ADDED,"{""reported_precincts"": null, ""total_precincts"": null}"
2026-03-08T18:25:41.849446+00:00,kommone,08425108,"Schelklingen, Stadt",RESULT_UPDATED,"{""current_hash"": ""a367428aa15cad293fdb1576332f295061da2dd26749684e1613a1992c4530f2"", ""previous_hash"": ""8e8f22782a97009ba2f130f082f40fc2e257e0fee7d91aa95c1544d59ea02ac5""}"
2026-03-08T18:25:41.849422+00:00,kommone,08425098,Rechtenstein,RESULT_UPDATED,"{""current_hash"": ""b682fc45191b1190b52e2e79601223ecc0dbffc103be826f940e0fff68e81176"", ""previous_hash"": ""8643f5da8d68272a30ab7394b05157b056461b612ab5c29fecffd1d768e7e96d""}"
2026-03-08T18:25:41.849379+00:00,kommone,08425091,Oberstadion,RESULT_UPDATED,"{""current_hash"": ""01efc47fbea950659b144c318572c21b4407cfdb94fa10fd30b7c13561b736d4"", ""previous_hash"": ""b5184ba7a9bfcef109757477361b6aac3dcf7c41786deec373af8bc25818f8fc""}"
2026-03-08T18:25:41.849362+00:00,kommone,08425090,Obermarchtal,RESULT_UPDATED,"{""current_hash"": ""b027d680ae6c7459b597bb61e1b93bc1c15969fd76750f950704a65ccd2d810c"", ""previous_hash"": ""414f49b67eb131a7218be2a0c3ff976cd3d668ee655493ca2f1ba7647877828c""}"
2026-03-08T18:25:41.849346+00:00,kommone,08425088,Oberdischingen,RESULT_ADDED,"{""reported_precincts"": null, ""total_precincts"": null}"
2026-03-08T18:25:41.849328+00:00,kommone,08425085,Nerenstetten,RESULT_UPDATED,"{""current_hash"": ""23bad0ec75b3ad85dae17bc3fdddef7c90e3a5c7f64961f96ff1d3f4fdbe3636"", ""previous_hash"": ""075b61aa5c085380b87600211f6afefe576ee7962cd892e84f2c382c226e2234""}"
2026-03-08T18:25:41.849306+00:00,kommone,08425084,Nellingen,RESULT_ADDED,"{""reported_precincts"": null, ""total_precincts"": null}"
2026-03-08T18:25:41.849282+00:00,kommone,08425081,"Munderkingen, Stadt",RESULT_ADDED,"{""reported_precincts"": null, ""total_precincts"": null}"
2026-03-08T18:25:41.849266+00:00,kommone,08425079,Merklingen,RESULT_ADDED,"{""reported_precincts"": null, ""total_precincts"": null}"
2026-03-08T18:25:41.849249+00:00,kommone,08425075,Lonsee,RESULT_UPDATED,"{""current_hash"": ""e39482fa9e2152a711983a1e63659fb4c55753ef524cb80616e3f8864001b0be"", ""previous_hash"": ""bf87847a246a70b2bfa53fa5dcbf549b0be44346ab8dca0cd35f709aa4cccdce""}"
2026-03-08T18:25:41.849225+00:00,kommone,08425072,"Langenau, Stadt",RESULT_UPDATED,"{""current_hash"": ""4df8823f11f8c0dea225ea081f3a3fc4b4f7f05ac4f3ad80fb147af76fe36edc"", ""previous_hash"": ""7049c371c8f8d52b0aa0eb5fd92f64413e66389b5130ed951aa8cd4a7393d2d6""}"
2026-03-08T18:25:41.849208+00:00,kommone,08425071,"Laichingen, Stadt",RESULT_UPDATED,"{""current_hash"": ""8e524213c7cf4df7063523135a05d93c01882fc30f64806cea4871953e7d621c"", ""previous_hash"": ""8928f32dd6705a4e3f949d414a2268fa65a728c3c06c06af4d0fbcf9748c1968""}"
2026-03-08T18:25:41.849175+00:00,kommone,08425062,Holzkirch,RESULT_UPDATED,"{""current_hash"": ""b1038a6eb2155eae8f974ebee27e1112d6dfad2dd3c00a293d28b2a38add8ca7"", ""previous_hash"": ""b65c5dc18e71f69063c164a597194804833eb26fec3435ae794d157308e36dc0""}"
2026-03-08T18:25:41.849158+00:00,kommone,08425055,Hausen am Bussen,RESULT_UPDATED,"{""current_hash"": ""91a29e66e625ed4e67d00df53bd2572ca6e43571e174cf9c61bfa5450553f974"", ""previous_hash"": ""a506af2941b9a813cf9f1e850d9168ad0d8ac0980206eb8d6f93fa8736e174ab""}"
2026-03-08T18:25:41.849142+00:00,kommone,08425052,Grundsheim,RESULT_UPDATED,"{""current_hash"": ""b7c44a426432c5e303076d6285acc70754b7a85a7b24443df093913b7aa2d32e"", ""previous_hash"": ""b0a9edcf11fa73fa197a512ed84743135b9627a32d5e0d61c918b269c818f77f""}"
2026-03-08T18:25:41.849125+00:00,kommone,08425050,Griesingen,RESULT_UPDATED,"{""current_hash"": ""5353151b211cdaddd436c457e58973d9314aef287d0b8f082b661a2fad861824"", ""previous_hash"": ""accb80d0ab710165a28341c87bb9cd0bd1139575fc557a55d0a9b0c0daa9d5ad""}"
2026-03-08T18:25:41.849090+00:00,kommone,08425035,Emeringen,RESULT_UPDATED,"{""current_hash"": ""dea0f494026267624fd7f83ae04c6a187fd75c5659ad27381ba04b5615578e4c"", ""previous_hash"": ""cc35ef5ff4002ea52bd9332e51237d87b5a0ab26cf70a8cbc279cab9b2dfb12d""}"
2026-03-08T18:25:41.849074+00:00,kommone,08425033,"Ehingen (Donau), Stadt",RESULT_UPDATED,"{""current_hash"": ""78cca0d343605684cc7a8d453ff417934fedbc8c8ffbd2ffd5dab5c417fbba49"", ""previous_hash"": ""3c180d7a0e0628c673cb86cb78bd0539ad3fbc35eaf9d9a26f7d13083e2181b4""}"
2026-03-08T18:25:41.849057+00:00,kommone,08425031,Dornstadt,RESULT_UPDATED,"{""current_hash"": ""8ee773bb9c2152205b88c69803abd6fa11b657a6c49308e2adb3876638575a39"", ""previous_hash"": ""0e8b655a7ae99d4f58333d79970e97daaeb30a69cb7a764eedebde761058ad98""}"
2026-03-08T18:25:41.849025+00:00,kommone,08425022,Börslingen,RESULT_UPDATED,"{""current_hash"": ""f8dba8b45d7a0d09c385fafabded6197f0934e6f59ce3832fa9293f69571c006"", ""previous_hash"": ""91ed53383f7929ff265cb9b268f450c0b8a28012e98f5729469de0465b5aa14c""}"
2026-03-08T18:25:41.849009+00:00,kommone,08425020,"Blaubeuren, Stadt",RESULT_UPDATED,"{""current_hash"": ""e97f1287b9b7a1903ae1e2deb95078863329c37215d2cb34483894c6fc802648"", ""previous_hash"": ""6170a2d012809c6c6fd7bf89079c8ba732734eaf11631b93d9337d8d7651d10b""}"
2026-03-08T18:25:41.848976+00:00,kommone,08425014,Beimerstetten,RESULT_UPDATED,"{""current_hash"": ""a00fa54e2cdbf882e33fe3130de8500040c1ae4b5f7859bc407a05386272f9a0"", ""previous_hash"": ""829271225c67ef7674ad6db1cc40affbd071484aa9b27265109d45c0b4f8fbb2""}"
2026-03-08T18:25:41.848945+00:00,kommone,08425008,Amstetten,RESULT_UPDATED,"{""current_hash"": ""01a393580566a74de8a01f79b7cfafe1ddba9010740e83cbe6cdf35207c1d196"", ""previous_hash"": ""b4705cbc9b4a8b859b947b164e63699f07a9f5529f0a31aa81c4332635b386e7""}"
2026-03-08T18:25:41.848928+00:00,kommone,08425005,Altheim (Alb),RESULT_UPDATED,"{""current_hash"": ""728fddd5b7e76d97ffac2467155028a1c4b970411c9e8afdaf443737d55c81df"", ""previous_hash"": ""e96545dc6ebc4324f768df27c0a40b12a11de78296924d957c34d6671a3f7dad""}"
2026-03-08T18:25:41.848912+00:00,kommone,08425004,Altheim,RESULT_ADDED,"{""reported_precincts"": null, ""total_precincts"": null}"
2026-03-08T18:25:41.848895+00:00,kommone,08425002,Allmendingen,RESULT_UPDATED,"{""current_hash"": ""c5918e3fad43216d95cddcf3ae8e6abf470948ac0d5fab756e08256e494dc3f4"", ""previous_hash"": ""532a834922b4ae3be894ec3378d28acbf2b404409558642bc4ba451ff3e1c2c7""}"
2026-03-08T18:25:41.848861+00:00,kommone,08417079,"Albstadt, Stadt",RESULT_UPDATED,"{""current_hash"": ""72affff4d691b64e5aa06018f41c8545f41a9444a815d48b2851e72c261244db"", ""previous_hash"": ""c16f73eb9bbfd69caac44c665bc1676526cb50d59ca0872488700cf6079ca401""}"
2026-03-08T18:25:41.848837+00:00,kommone,08417075,Winterlingen,RESULT_UPDATED,"{""current_hash"": ""07831ffb5f9f1c9f6cd7fe539400ca4aafea10a34e0fd79d49210c38b9e666af"", ""previous_hash"": ""e83038ec107e5f532742e353d90fd7fec738b69073f2b966f505c134d001c2da""}"
2026-03-08T18:25:41.848808+00:00,kommone,08417063,Straßberg,RESULT_UPDATED,"{""current_hash"": ""cf4b5498c491f81ad38e5b7b03f624b6316fae7cdea9fa341c06e5066d8cd802"", ""previous_hash"": ""57f1f56af770972ac34779f275d5e6719da927b63a4ab3a8ff9bd214ae8c7ad6""}"
2026-03-08T18:25:41.848790+00:00,kommone,08417057,"Schömberg, Stadt",RESULT_UPDATED,"{""current_hash"": ""6fd1ef596a3e491bac0e9bcf3f28c11a6c0caae07e7dc21cef59dc3ebde4da3d"", ""previous_hash"": ""0a9334bdb19e3f1c3b27b93d90e8dfedeedfb0e7f11115693071b4dfcf48d893""}"
2026-03-08T18:25:41.848774+00:00,kommone,08417054,"Rosenfeld, Stadt",RESULT_UPDATED,"{""current_hash"": ""6fd8c930688dd2867e4ed3f44d851be0a32de56ae3665484d444a96f704776b2"", ""previous_hash"": ""a16bf07333dc4a2ec11d82f96924a1cc9792da31806efd92cd0550e02bf3b887""}"
2026-03-08T18:25:41.848757+00:00,kommone,08417052,Ratshausen,RESULT_UPDATED,"{""current_hash"": ""d14f61f270e6886deecfc8bfce343b38c750ba65d4033360424db9ec402897e6"", ""previous_hash"": ""c5f169968ddfe72183c7ef91fab2afe78a104d065bad4321f850d5beb344ee22""}"
2026-03-08T18:25:41.848739+00:00,kommone,08417051,Rangendingen,RESULT_UPDATED,"{""current_hash"": ""2ad5583355bd89982e87727c72f1634ef1c1c8b34441ffaec7a74e7a7b530980"", ""previous_hash"": ""7008024f068d0695ec17c18a38d11554cca71866eaf82f7d0962b071e104261e""}"
2026-03-08T18:25:41.848722+00:00,kommone,08417047,Obernheim,RESULT_ADDED,"{""reported_precincts"": null, ""total_precincts"": null}"
2026-03-08T18:25:41.848695+00:00,kommone,08417044,"Meßstetten, Stadt",RESULT_UPDATED,"{""current_hash"": ""07ddc69aa1721ecb10fb3faabee4fc83de271c9ff7ef8faa155aacf6d9ba2dda"", ""previous_hash"": ""fdfe5941f5d3051b9fed82ea0ca00b5eef7d7ecce6a83ead159f531598ef48af""}"
2026-03-08T18:25:41.848664+00:00,kommone,08417029,Hausen am Tann,RESULT_ADDED,"{""reported_precincts"": null, ""total_precincts"": null}"
2026-03-08T18:25:41.848647+00:00,kommone,08417025,"Haigerloch, Stadt",RESULT_UPDATED,"{""current_hash"": ""b73f7daf7bc9f192730b13347675eb1a7461cfb732c81acfecc465ed413ed7d7"", ""previous_hash"": ""45fb91bea79bf6a81ea2f7306d890d78a540869627c5bb6811910463fef5c09c""}"
2026-03-08T18:25:41.848623+00:00,kommone,08417022,"Geislingen, Stadt",RESULT_UPDATED,"{""current_hash"": ""b85b244641078939e57aac8e6b4548db23aaec0e9efddaaaaa70b42d854cd2fa"", ""previous_hash"": ""2f1889f1b2e1e4ccab696567c2a51dea8c1e46f7c9dbbf2f8f017692c1cf1a69""}"
2026-03-08T18:25:41.848608+00:00,kommone,08417016,Dotternhausen,RESULT_ADDED,"{""reported_precincts"": null, ""total_precincts"": null}"
2026-03-08T18:25:41.848592+00:00,kommone,08417015,Dormettingen,RESULT_ADDED,"{""reported_precincts"": null, ""total_precincts"": null}"
2026-03-08T18:25:41.848561+00:00,kommone,08417010,Bitz,RESULT_ADDED,"{""reported_precincts"": null, ""total_precincts"": null}"
2026-03-08T18:25:41.848545+00:00,kommone,08417008,Bisingen,RESULT_UPDATED,"{""current_hash"": ""d05afb81d878af593349beac92534cfdb29e65a9f3f73b328603129436f2d053"", ""previous_hash"": ""92edc704933ddbcb0a9ea69dbcf904e33e22896d535e969254f89f2e55a97068""}"
2026-03-08T18:25:41.848529+00:00,kommone,08417002,"Balingen, Stadt",RESULT_UPDATED,"{""current_hash"": ""0b60abe9860037efe3045596c8ce666bd7189d9f8a4e96f6f0150446a8ef879a"", ""previous_hash"": ""41b336787e05a6988113bb6d75041cd7fa0e60a98a0a560e7f170d999625796e""}"
2026-03-08T18:25:41.848513+00:00,kommone,08416050,Starzach,RESULT_UPDATED,"{""current_hash"": ""6f7571411a434e7f339090c9eac7678150d10c7f1595c872b815223abb688816"", ""previous_hash"": ""b65c9d1fecbf42b1140f40f9c5bffbe922c99f6149f9e265cbdcb3ca3067e69b""}"
2026-03-08T18:25:41.848496+00:00,kommone,08416049,Neustetten,RESULT_UPDATED,"{""current_hash"": ""25407d420dcde4889ce4a3d5d8a23a3c6046bfc0075b9536e69279ef29ad3d43"", ""previous_hash"": ""c972f99dcc2ebcfe47f74d6b5278f5690231bf75bcdab36e3b81430ce7337e14""}"
2026-03-08T18:25:41.848480+00:00,kommone,08416048,Ammerbuch,RESULT_UPDATED,"{""current_hash"": ""ec1b004f33f950133ae119e8e8b1b5d80493f936d135037bdf919df0ad194455"", ""previous_hash"": ""1cb98d18b5db7dca71d6b42da0544ef1052ddb0807df0fefc6497eff30ea92d1""}"
2026-03-08T18:25:41.848462+00:00,kommone,08416041,"Tübingen, Universitätsstadt",RESULT_UPDATED,"{""current_hash"": ""bc2bd42814a86c15f76fa7814de7200f4724172ba0c6aa9a0ce14455b7724a08"", ""previous_hash"": ""360bb1b2a1bb2c3891b3d8c6e6bc99fc6f356a37ba51a823d104688f32dd6377""}"
2026-03-08T18:25:41.848445+00:00,kommone,08416036,"Rottenburg am Neckar, Stadt",RESULT_UPDATED,"{""current_hash"": ""b455c32f9275e84ca6200551b539d6d8f62bd6905ccb9b14b249781af2ed9deb"", ""previous_hash"": ""f2f916e836135cb86cb3410c32f14686d50a629547f463bfeb402731f126327c""}"
2026-03-08T18:25:41.848429+00:00,kommone,08416031,Ofterdingen,RESULT_ADDED,"{""reported_precincts"": null, ""total_precincts"": null}"
2026-03-08T18:25:41.848405+00:00,kommone,08416025,"Mössingen, Stadt",RESULT_ADDED,"{""reported_precincts"": null, ""total_precincts"": null}"
2026-03-08T18:25:41.848372+00:00,kommone,08416018,Hirrlingen,RESULT_UPDATED,"{""current_hash"": ""763a9da4bf78a390fd45beb43431f0c34047b772585b20da7a43ce26cde835fd"", ""previous_hash"": ""482efe75b04d097b5384811c231d765c4382ba39c4f15f7c0046fd1548d15b39""}"
2026-03-08T18:25:41.848333+00:00,kommone,08416009,Dettenhausen,RESULT_UPDATED,"{""current_hash"": ""1886e8dd95baa28374f562307216cffe4f200f3cfdc7b32f96fecba81e7d87b9"", ""previous_hash"": ""acd24e19ee4c092b5fba703f3bbc10a795b4296a89cc789b83456960a66b2b98""}"
2026-03-08T18:25:41.848303+00:00,kommone,08416006,Bodelshausen,RESULT_UPDATED,"{""current_hash"": ""6118e6c85b1b4a6fe4d0f2d3737065bdf37ec9342a6217adb9bdd1caf595c42f"", ""previous_hash"": ""ff158db489bb98c4d01ca66bdf57faadf118f3cd8d743359001aee86e085e559""}"
2026-03-08T18:25:41.848057+00:00,kommone,08337126,"Waldshut-Tiengen, Stadt",RESULT_UPDATED,"{""current_hash"": ""11e775d253abd544f9c0244e463ab73c1724cbd8f8073054daa3401d105394d0"", ""previous_hash"": ""f30d8304a211aaa61d2a355c1b47864563f8dffa93a8b226ff517c72b88ebf69""}"
2026-03-08T18:25:41.848039+00:00,kommone,08337125,Küssaberg,RESULT_UPDATED,"{""current_hash"": ""25d82a19b6ca8709f4df25a4becc5220af66fbd9361b6e2b5d2a0985573b65e3"", ""previous_hash"": ""b79d674e5c84cc0d7a6f64b9197e28f223f4d409c3e862da0511d29a1d6e5d3b""}"
2026-03-08T18:25:41.848006+00:00,kommone,08337118,Weilheim,RESULT_UPDATED,"{""current_hash"": ""056a3d6d97e68d355b282990dfede66ddc6e3079ff311bd91c12dbc9a32afca9"", ""previous_hash"": ""c47c03d7d4f38424d4036847b6035f0e34f46b8f7c89970e22864bdf5b3c3a42""}"
2026-03-08T18:25:41.847988+00:00,kommone,08337116,"Wehr, Stadt",RESULT_UPDATED,"{""current_hash"": ""e320df48be465d4bcbe42da9fd3555913795a8f155a65d9e2e9fd5c1152bcde7"", ""previous_hash"": ""9eafe2363583365513d4236619b787a58746926626592a1e0b2ed49806e62614""}"
2026-03-08T18:25:41.847964+00:00,kommone,08337106,"Stühlingen, Stadt",RESULT_UPDATED,"{""current_hash"": ""9a04fcc7fda36720e70335b371754dc63f057acfb19c3699433464970a19b600"", ""previous_hash"": ""0746fe2d37d231b7b953b17b7809c5de83ee6e3d13e8b5b547fdd993b8fbc7d0""}"
2026-03-08T18:25:41.847938+00:00,kommone,08337096,"Bad Säckingen, Stadt",RESULT_UPDATED,"{""current_hash"": ""3b00bdf5ac839944bf84011586b0e5e0140a66ea6e486ad78f3d5596dd838dc2"", ""previous_hash"": ""0fb9b4a73a49645e23cf59acf346c2f328197be97ecf16bc02d9a466b29ad9f5""}"
2026-03-08T18:25:41.847922+00:00,kommone,08337090,Rickenbach,RESULT_UPDATED,"{""current_hash"": ""a8a44fa275d41bc6a93fdef08fd3d27de74b496d252e1e589ed6d2e52c26e80a"", ""previous_hash"": ""84e4a08b50068683ca48ec8073c6f101c0c60402f8fc52d2d164827e4441390b""}"
2026-03-08T18:25:41.847905+00:00,kommone,08337076,Murg,RESULT_UPDATED,"{""current_hash"": ""4af68a74724961895670325dcda651c172b7a304fda365ef52ad541b30888971"", ""previous_hash"": ""b914a7614df9c9b7fa8e0165fe655924f0868f8142339904b35d3560ce37adad""}"
2026-03-08T18:25:41.847881+00:00,kommone,08337066,"Laufenburg (Baden), Stadt",RESULT_UPDATED,"{""current_hash"": ""f7233c1def8c5898e70c4e90df0e0ccff66cb9f4e0bde944e14aaddbbde15cdc"", ""previous_hash"": ""cf4e8f37f3e31e73cff0d6beb8adf27df290346e9968adb0e34af895f3e4ca87""}"
2026-03-08T18:25:41.847863+00:00,kommone,08337065,Lauchringen,RESULT_UPDATED,"{""current_hash"": ""e8cac0c168bc46f51529bceed31763c3df272d5295cf6e66461d0b842a45fc35"", ""previous_hash"": ""4b12d62482b3307e1eaf234b9fb43f04a1faeda50b6a91240e4bb724a0616c5a""}"
2026-03-08T18:25:41.847846+00:00,kommone,08337062,Klettgau,RESULT_UPDATED,"{""current_hash"": ""49bd3464cbc6edc74e69039a0dc2168d9a65442af9dc48154fba8b05dc3217a5"", ""previous_hash"": ""97f06fa3c69d7f6f81a7e941fb934f7d08eec1f1ec759d793ddd5cf4c0b01226""}"
2026-03-08T18:25:41.847829+00:00,kommone,08337060,Jestetten,RESULT_UPDATED,"{""current_hash"": ""398c34f8aaff9f1393e6062cc1460fd8fa7e63847986168a999b011c1ca03ff0"", ""previous_hash"": ""db328f05153668570181e3495b952521ae4df8f7ca8cfdc8596cb05306cb12e4""}"
2026-03-08T18:25:41.847805+00:00,kommone,08337053,Hohentengen am Hochrhein,RESULT_ADDED,"{""reported_precincts"": null, ""total_precincts"": null}"
2026-03-08T18:25:41.847754+00:00,kommone,08337038,Görwihl,RESULT_ADDED,"{""reported_precincts"": null, ""total_precincts"": null}"
2026-03-08T18:25:41.847736+00:00,kommone,08337032,Dogern,RESULT_ADDED,"{""reported_precincts"": null, ""total_precincts"": null}"
2026-03-08T18:25:41.847688+00:00,kommone,08337002,Albbruck,RESULT_UPDATED,"{""current_hash"": ""92f83ecb8d1caa612f7056cb1085262c45689ae22d7cc695bcb28dac1bbc587c"", ""previous_hash"": ""19e4613dd34ab3669f9105e7f1780a952c69da845161ea205570cd0a760b9b33""}"
2026-03-08T18:25:41.847663+00:00,kommone,08336107,Kleines Wiesental,RESULT_UPDATED,"{""current_hash"": ""5dc8bbd229f945ed00e085a51284e0fc2b234a038114f3234def3bd3e0fec1e4"", ""previous_hash"": ""d54889eac23d6c9e09ceb5b46b6a4239f11ceed17cab8b5f3530c5c0224a1708""}"
2026-03-08T18:25:41.847647+00:00,kommone,08336106,Häg-Ehrsberg,RESULT_ADDED,"{""reported_precincts"": null, ""total_precincts"": null}"
2026-03-08T18:25:41.847630+00:00,kommone,08336105,Grenzach-Wyhlen,RESULT_UPDATED,"{""current_hash"": ""71a004bf459478f7cd7aab3a199880e2d6f65df30c73f05222d87ca48830eed4"", ""previous_hash"": ""907d324ddc6319bf10974c7f10aac962e382f0d1691bc5d233c14af5f3f39f8f""}"
2026-03-08T18:25:41.847606+00:00,kommone,08336103,"Zell im Wiesental, Stadt",RESULT_UPDATED,"{""current_hash"": ""0b0da851f5ac0c529768a6822aec6496ed925332add2944326860230f234be7e"", ""previous_hash"": ""97a461a9c0ea48812f2101802d06b916a37a6c51ce10b7cd100196401175f31b""}"
2026-03-08T18:25:41.847583+00:00,kommone,08336096,Wieden,RESULT_ADDED,"{""reported_precincts"": null, ""total_precincts"": null}"
2026-03-08T18:25:41.847558+00:00,kommone,08336091,"Weil am Rhein, Stadt",RESULT_UPDATED,"{""current_hash"": ""075e5f1b9d3dc607da5dc641f4081c1b6dd93d7fada5ea7980b7520b00387b71"", ""previous_hash"": ""b16ccee756915f299714f42602538f364dd184720e14b8d49f6af65dd9a6fcce""}"
2026-03-08T18:25:41.847522+00:00,kommone,08336087,"Todtnau, Stadt",RESULT_UPDATED,"{""current_hash"": ""17f1b5ed6019fc1f8fcc0da8dc0fc6f8e522799aedd575bf7a11cd04e9d8a317"", ""previous_hash"": ""d487a7cad6795d1d999fda0d2b175737a9e78f985adc0a327148dd21913711d9""}"
2026-03-08T18:25:41.847506+00:00,kommone,08336084,Steinen,RESULT_UPDATED,"{""current_hash"": ""ff3751b7fdbcddfc7fbe1000b33eb8eaaad54b5090dafbfcf3dcbe11aa67fddc"", ""previous_hash"": ""7c85f74bfaececa8d228eedd34149f6afc376c96638be1e565b922cbaedb3748""}"
2026-03-08T18:25:41.847489+00:00,kommone,08336082,Schwörstadt,RESULT_UPDATED,"{""current_hash"": ""f4c243f02bf5e10aacd0856f3d529c02f8a1755c2be6b4e6d4d2caf100984236"", ""previous_hash"": ""a66760be41fd561a3224ca7eb363de587bff586798c3fb4de20336f9f12c3bf6""}"
2026-03-08T18:25:41.847471+00:00,kommone,08336081,"Schopfheim, Stadt",RESULT_UPDATED,"{""current_hash"": ""b67f4f89d484b200fbfe7a9f621acc84b2ce927e01bea25c80cb80e5b2e57b69"", ""previous_hash"": ""3b7c424bbdc6b97730a57effa930f9157964f0ad08f8c8fb00b4f86047c2c529""}"
2026-03-08T18:25:41.847424+00:00,kommone,08336073,Rümmingen,RESULT_ADDED,"{""reported_precincts"": null, ""total_precincts"": null}"
2026-03-08T18:25:41.847406+00:00,kommone,08336069,"Rheinfelden (Baden), Stadt",RESULT_UPDATED,"{""current_hash"": ""540c3e29233c452c8b54c7e7fa5f475ccb98df8fa76f06d3b87134f187359d21"", ""previous_hash"": ""d9ba574ac664b85479c9814d485c6f3f426c14fda4f50c921c1470348a23980c""}"
2026-03-08T18:25:41.847387+00:00,kommone,08336057,Maulburg,RESULT_UPDATED,"{""current_hash"": ""abcd9b73ea86697e40b7a7613bcf8d8cb4e7faf69054ea91a171f5e1203c7d7b"", ""previous_hash"": ""bf198bbb477f69a764a717c7ef5d788dbfbb10c24de5e4cdb5eef90d74ad3efb""}"
2026-03-08T18:25:41.847368+00:00,kommone,08336050,"Lörrach, Stadt",RESULT_UPDATED,"{""current_hash"": ""00ab024cf7023783f3e8fb28ba78108b53d610d0555d562aed907798e5bec24f"", ""previous_hash"": ""e0007ae5357d2e83617b688dab68495adf122f3278eab3bfb9c487cdae4bb052""}"
2026-03-08T18:25:41.847315+00:00,kommone,08336036,Hausen im Wiesental,RESULT_UPDATED,"{""current_hash"": ""8772840643d11e6a919e3b57ef36336079fd8f46007dc0f154ece2d0bdb97a28"", ""previous_hash"": ""f70fe41c04c28f9b47998d9e070f88cf801bb753371e6955080aece2ec62f664""}"
2026-03-08T18:25:41.847299+00:00,kommone,08336034,Hasel,RESULT_UPDATED,"{""current_hash"": ""565bd687dc0c21aad4b835e1a3ca1768d38f6e8a82cbf5d5dfdb2bf0f32af97e"", ""previous_hash"": ""61a6340fd7389627dd1d8ec8d5654d04ce155896da25a36c388d9b0d90edd629""}"
2026-03-08T18:25:41.847259+00:00,kommone,08336014,Efringen-Kirchen,RESULT_UPDATED,"{""current_hash"": ""943f7bc42d8af94dd973a222a71f3d3cb21129508ca201c09bdceff754c41a4d"", ""previous_hash"": ""029ac3aff81e2dcd59d3cecf1d6f89a30f24f98f5e3573d7ff2804b03dc47df5""}"
2026-03-08T18:25:41.847227+00:00,kommone,08336006,Bad Bellingen,RESULT_UPDATED,"{""current_hash"": ""b2fd9893aceb7e0cdcf82fb6915673f4785b47395858f431cfcbb0878bd0926b"", ""previous_hash"": ""a7f5b13f35ae15aa5ff20d6468686654ffd4aec8a14c5f8b707b90aec7585978""}"
2026-03-08T18:25:41.846987+00:00,kommone,08327057,Emmingen-Liptingen,RESULT_UPDATED,"{""current_hash"": ""6e9bc1183b9b6072cce054d12dddd4deea25508b57cf629e831586d4fdb73d3e"", ""previous_hash"": ""76a911046260d87b420a8048bb324e17e31ff386f8ac462737af4b37d1de5a5c""}"
2026-03-08T18:25:41.846956+00:00,kommone,08327054,Wurmlingen,RESULT_ADDED,"{""reported_precincts"": null, ""total_precincts"": null}"
2026-03-08T18:25:41.846929+00:00,kommone,08327050,"Tuttlingen, Stadt",RESULT_UPDATED,"{""current_hash"": ""7ab9c091f1b2d904766182e6a01761336f2b6808e7cf913da96ff976d39d70fd"", ""previous_hash"": ""07867aa6b81ca5f04e59be267dba499180048ac00e2d9dc6aa931f526f65ceee""}"
2026-03-08T18:25:41.846912+00:00,kommone,08327049,"Trossingen, Stadt",RESULT_UPDATED,"{""current_hash"": ""28a1dff3edcffebf4aff88f31d619edc98e829cd844b0e87b4452bc58a2074ee"", ""previous_hash"": ""05913f809b9630b8f7c76f854a4d7fbc31dc69372dbc4171da88b25263daf57b""}"
2026-03-08T18:25:41.846895+00:00,kommone,08327048,Talheim,RESULT_UPDATED,"{""current_hash"": ""c88b0282a828b9d6bc2007ef843d6ad7cfa803c63ea84803f9210da61fc272d6"", ""previous_hash"": ""335417df00b90c3350c6ff63e0173f7ef62b043312d95fc2f55f461a10d3a13e""}"
2026-03-08T18:25:41.846878+00:00,kommone,08327046,"Spaichingen, Stadt",RESULT_UPDATED,"{""current_hash"": ""e70805b21114e4ae34baba715125a157584325d4ee4ab8ca1ddb24a30408042f"", ""previous_hash"": ""c373444b83af3c6fad172b6fdc4484a5a5798634d4c3c5131543db722e71aaf0""}"
2026-03-08T18:25:41.846854+00:00,kommone,08327040,Reichenbach am Heuberg,RESULT_UPDATED,"{""current_hash"": ""330d9cfb92460c20317e780bcaa4bdcbf19718943f044afb155bf32a17280919"", ""previous_hash"": ""76e455dcce705c6a0a51061b2b4ebf1227b19c6f3b7ef6e387d552af3a910679""}"
2026-03-08T18:25:41.846838+00:00,kommone,08327038,Neuhausen ob Eck,RESULT_UPDATED,"{""current_hash"": ""4d5df17590dded09f59f6372b06fe7ec04c320c002615e5e7d19b86ec3a6ee18"", ""previous_hash"": ""1b5aa95c383cefa76b9f710ef604f33585123032b8e694dd9c09d35260ec08d7""}"
2026-03-08T18:25:41.846820+00:00,kommone,08327036,"Mühlheim an der Donau, Stadt",RESULT_UPDATED,"{""current_hash"": ""8f70c5e7854ebacfa161324fcaad4a6e8766d8a65bc7c39837645002cb5bdb42"", ""previous_hash"": ""360428f6950604e34cec2ba9667ef050b8167dafb5bef0bf0d9f06e5efc2c4ab""}"
2026-03-08T18:25:41.846788+00:00,kommone,08327029,Königsheim,RESULT_ADDED,"{""reported_precincts"": null, ""total_precincts"": null}"
2026-03-08T18:25:41.846764+00:00,kommone,08327025,Immendingen,RESULT_UPDATED,"{""current_hash"": ""21d570ab95f42cbda5a101c28dda09babe8aadcefbfa414f0530c93f46de4281"", ""previous_hash"": ""4359df4982a3d25dfa66a075bfa5c2af83234923fe09083a4fc75be84cb6f1fc""}"
2026-03-08T18:25:41.846747+00:00,kommone,08327023,Hausen ob Verena,RESULT_UPDATED,"{""current_hash"": ""dba050157b3f3323e0df3ffc95f98aee80ec9dc98517956ab1c79e7f163d26b4"", ""previous_hash"": ""76bef40b704418e332953b9f9706d56dd871a0d2726518c9423c7159e6bfefbe""}"
2026-03-08T18:25:41.846715+00:00,kommone,08327018,"Geisingen, Stadt",RESULT_UPDATED,"{""current_hash"": ""18ccaf8aeca64dec056581b0d42c7611649004538cf745f0d1409017991ca26f"", ""previous_hash"": ""859b5f9a2ddd2a299cb9177e62f69a5af30e03a5bad20d3c933c6ee5af9aff91""}"
2026-03-08T18:25:41.846668+00:00,kommone,08327011,Dürbheim,RESULT_ADDED,"{""reported_precincts"": null, ""total_precincts"": null}"
2026-03-08T18:25:41.846648+00:00,kommone,08327010,Denkingen,RESULT_ADDED,"{""reported_precincts"": null, ""total_precincts"": null}"
2026-03-08T18:25:41.846586+00:00,kommone,08327002,Aldingen,RESULT_UPDATED,"{""current_hash"": ""5c52e6b7cb49cd7a4f0dadde1cd937d54697cdb947e95615503fd5d5d7d2e300"", ""previous_hash"": ""a43a5c51f3189d7c9f759230114f34c5c63d6e3e745c07c48728674acc4d695e""}"
2026-03-08T18:25:41.846568+00:00,kommone,08326075,Brigachtal,RESULT_UPDATED,"{""current_hash"": ""2a800adb3d8b2a5337f12281fa94f568edf069db4c52aefd411a54a7348ed7e7"", ""previous_hash"": ""7830f579ba00d1c4b247e4e2c29b69ab3842ad77908720a3629513d7814ba0b3""}"
2026-03-08T18:25:41.846551+00:00,kommone,08326074,"Villingen-Schwenningen, Stadt",RESULT_UPDATED,"{""current_hash"": ""a5be2c8d729c58900d3eff6af9c7c15ba62a0f0698c5f5531817d81dfb22d305"", ""previous_hash"": ""93cb1ae883122d308977a9245d1efeba2a0d89b8e3ff52382fa50dd7f9511c9d""}"
2026-03-08T18:25:41.846535+00:00,kommone,08326068,"Vöhrenbach, Stadt",RESULT_UPDATED,"{""current_hash"": ""703877e502152737a94236579e536b711c1e92e6732608eb04232acf5278d99a"", ""previous_hash"": ""62d807ceb339e42a6700ef58a33cf27ad49891478182d036594d71b72b53ef64""}"
2026-03-08T18:25:41.846503+00:00,kommone,08326060,"Triberg im Schwarzwald, Stadt",RESULT_UPDATED,"{""current_hash"": ""247c6deee065975ab462da977038564c8e64a1c7b53a451a662aa86bb4669087"", ""previous_hash"": ""86d8cfcd7c849420cd3ee354d6764a7d34c729cbe5c0822d89604b22731a4149""}"
2026-03-08T18:25:41.846486+00:00,kommone,08326055,Schonach im Schwarzwald,RESULT_UPDATED,"{""current_hash"": ""fc04f1a71460a5ca9f0cc9a74c004d6fee34a4419bde07aec7a3b5035ca9c135"", ""previous_hash"": ""e75ea382e471f1ea37f093b7ac78a546a4545932a056f89a2200ac65a6ec0f6d""}"
2026-03-08T18:25:41.846469+00:00,kommone,08326054,Schönwald im Schwarzwald,RESULT_UPDATED,"{""current_hash"": ""9dfd1913c5a65cd51c183e325e2b251be2fb4bf3fe07b3ff726dc65ad7b028d8"", ""previous_hash"": ""945521348cd501f98f7a29dcb49e45e0de622b156b1746d74fc1aeef282fe18b""}"
2026-03-08T18:25:41.846451+00:00,kommone,08326052,"St. Georgen im Schwarzwald, Stadt",RESULT_UPDATED,"{""current_hash"": ""e4b7d7e2683839f636d8d956d30f204f7cbc8d6a041d86db95a48cbbb6bec9d9"", ""previous_hash"": ""9adba3ab3bf8fb6d8ecbdf23b2775b95c83d34960f67e87dbafd8cffbfa1e197""}"
2026-03-08T18:25:41.846435+00:00,kommone,08326041,Niedereschach,RESULT_UPDATED,"{""current_hash"": ""7e9088e05e325959c7a48344360e812eb539ed968fb86feb5f7c87f12658edf3"", ""previous_hash"": ""79048c2cc191170e61fc9cb58103664d5d9a933864c82f7c4b041cbd6608d66f""}"
2026-03-08T18:25:41.846419+00:00,kommone,08326037,Mönchweiler,RESULT_ADDED,"{""reported_precincts"": null, ""total_precincts"": null}"
2026-03-08T18:25:41.846401+00:00,kommone,08326031,Königsfeld im Schwarzwald,RESULT_UPDATED,"{""current_hash"": ""cfae496ab12bb2df66685213ab31d497e23bf429e5382a42f7fac5a52ffec095"", ""previous_hash"": ""88dc768cb98e92f1371d8874649f5c0da1dd47848305ec76cfb7a4c094be074b""}"
2026-03-08T18:25:41.846384+00:00,kommone,08326027,"Hüfingen, Stadt",RESULT_UPDATED,"{""current_hash"": ""93e453ee80d777361535e69d401527fdb66a86c3bb0c54bbd82f1edc99b3d5a3"", ""previous_hash"": ""5f5fbd439b1240f79889c71865eaef1070264ff2a91a1e22273f39c26e642c88""}"
2026-03-08T18:25:41.846359+00:00,kommone,08326017,"Furtwangen im Schwarzwald, Stadt",RESULT_UPDATED,"{""current_hash"": ""e08fdfb3623c813e794738d908f926b046ae7c55444acb834c36b5fd6e0112f5"", ""previous_hash"": ""9a97c8189978187cdba471225f9ed9afc69476104b5d3762db7b30884b26e07d""}"
2026-03-08T18:25:41.846338+00:00,kommone,08326012,"Donaueschingen, Stadt",RESULT_UPDATED,"{""current_hash"": ""11a42b6eb79ad83d61f66a3866380dff769f3e9eefe3ffabb0643c36b0580748"", ""previous_hash"": ""0cc28adc567d72a9db7a972851f8072a42eab69771ffd1d84dd70c5cf878b50b""}"
2026-03-08T18:25:41.846314+00:00,kommone,08326010,Dauchingen,RESULT_ADDED,"{""reported_precincts"": null, ""total_precincts"": null}"
2026-03-08T18:25:41.846298+00:00,kommone,08326006,"Bräunlingen, Stadt",RESULT_UPDATED,"{""current_hash"": ""8ddf8fdeb6fa6fcd11abd6b6c9e83e3cc884ca54735401eed1109318c1449643"", ""previous_hash"": ""4d4846ad3dc8a89e5eaa351e10abdfe807b0ed31f890d94389c646051b987a42""}"
2026-03-08T18:25:41.846281+00:00,kommone,08326005,"Blumberg, Stadt",RESULT_UPDATED,"{""current_hash"": ""d0019add728bc7ea24116d7dae7613ee65119e170c7cde2ba8f6869b2fdfd794"", ""previous_hash"": ""1e914f9aa00fdf3f9e4b75f397b0c4bb38963884a027d9c2f7103cbc70569e10""}"
2026-03-08T18:25:41.846263+00:00,kommone,08326003,"Bad Dürrheim, Stadt",RESULT_UPDATED,"{""current_hash"": ""6c4b60c7fb24434d1b8a0851650805d179f5fb3f3496b43bf3442a11ff4ace3c"", ""previous_hash"": ""0152d858283a98993d9948fffb83af1c44440d023d99849a76eed0fb4952e49a""}"
2026-03-08T18:25:41.846238+00:00,kommone,08325071,Eschbronn,RESULT_UPDATED,"{""current_hash"": ""32e889fb0d90c4636a7a3657abe4414d6bc91d82270a3dccb1d959d9c6881fcf"", ""previous_hash"": ""db30389c13f1f1e29d460c0f3a32b9c26a15b850b1b91587f50a0951bbbe118b""}"
2026-03-08T18:25:41.846206+00:00,kommone,08325069,Zimmern ob Rottweil,RESULT_UPDATED,"{""current_hash"": ""900bf71b8c6b29c87cc98f70d539a29d513ff276be0f7d4dfb419d60a16ab73a"", ""previous_hash"": ""54d4916ecc877a13b28fc0e32b0e0d52ca79da44190a9b8061537dfeabb7d55f""}"
2026-03-08T18:25:41.846186+00:00,kommone,08325064,Wellendingen,RESULT_UPDATED,"{""current_hash"": ""ce184c695de9bdb13b4ea6283f42af7a2d91de1a1fa2044c72c25a5ad3d6083c"", ""previous_hash"": ""2430f12ac5fd97c35084ce426d08118456c79eeac6eb11af777141c74283416f""}"
2026-03-08T18:25:41.846160+00:00,kommone,08325060,Villingendorf,RESULT_ADDED,"{""reported_precincts"": null, ""total_precincts"": null}"
2026-03-08T18:25:41.846130+00:00,kommone,08325057,"Sulz am Neckar, Stadt",RESULT_UPDATED,"{""current_hash"": ""722c554448ac0516c0112e3225f5b962b62e67c2002a43f00f98c65702cdc9ed"", ""previous_hash"": ""c9db34256694d5f535cacf94a648a96ac2df3f82553528a2a472e385cfe59c7d""}"
2026-03-08T18:25:41.846113+00:00,kommone,08325053,"Schramberg, Stadt",RESULT_UPDATED,"{""current_hash"": ""5d1a7d87e20d7ac5b157a395d619ff5c3786afa16e909d14b45d39d7ca8db955"", ""previous_hash"": ""94c6763016775fb6e10e7674d8e5696f3c9d4c66c2ecfeb1b758bc64e8034f3c""}"
2026-03-08T18:25:41.846097+00:00,kommone,08325051,"Schiltach, Stadt",RESULT_UPDATED,"{""current_hash"": ""376eace4912941fd5c10c20272cc04927c0b719d2a81a1fd0e506b6b5923da82"", ""previous_hash"": ""6aa137bce46cb7902d3631cdd27377dd6a0e0d427b2ba2b9a7fa1c2793d1ea1a""}"
2026-03-08T18:25:41.846080+00:00,kommone,08325050,Schenkenzell,RESULT_UPDATED,"{""current_hash"": ""d9372ce6a66aaca37caf222f9d95ae3019d0def6097523a2bde045adfef6b2a1"", ""previous_hash"": ""f9a52154047424f54f3a1517c9778acca5c220b5c49e02dd32c2d29eebcc208e""}"
2026-03-08T18:25:41.846062+00:00,kommone,08325049,"Rottweil, Stadt",RESULT_UPDATED,"{""current_hash"": ""82cb6897361fc7953ca35575aa8fe44118f312a9d856f42a67f7cac4d0d3b35d"", ""previous_hash"": ""57b19b07197f4a7d854288a75d9516ba44e4247a422439db90369a184a7ad6c8""}"
2026-03-08T18:25:41.846045+00:00,kommone,08325045,"Oberndorf am Neckar, Stadt",RESULT_UPDATED,"{""current_hash"": ""e5048cf5a5ca02d6b9bf6e2fb01af9c81ae3e22f8892163f8648f77e407c04ae"", ""previous_hash"": ""171a250b4eb1b014541de3fb42e2d7215ade0f3f90a75277cae50e443d5a18b2""}"
2026-03-08T18:25:41.846028+00:00,kommone,08325036,Lauterbach,RESULT_UPDATED,"{""current_hash"": ""cae10b446b019a8bb5799b744d505a75c3119e7f83dae1268dcd591a7e110a3d"", ""previous_hash"": ""221440016f9aae0a831592711b314592bda95433de33c732fdeef056263facc5""}"
2026-03-08T18:25:41.846004+00:00,kommone,08325015,Epfendorf,RESULT_UPDATED,"{""current_hash"": ""79398b09ace2368b679fde041a7e6665f0b36526a58c3795bb38445b0259693c"", ""previous_hash"": ""a982e148d464f2923e2d84db9312ef9ecb1c338f88c51a26358c19675afec659""}"
2026-03-08T18:25:41.845987+00:00,kommone,08325014,Dunningen,RESULT_UPDATED,"{""current_hash"": ""78418d4bdc5b30c49bbe334e4723c76172c23f0b1c12da7a1c411aa0f01586ac"", ""previous_hash"": ""e1d8ba86963fa791379abcb39ffdaa58232589c4950dc207171431c832ffd692""}"
2026-03-08T18:25:41.845971+00:00,kommone,08325012,"Dornhan, Stadt",RESULT_UPDATED,"{""current_hash"": ""d1ca3ec1bfd117fe9bd4e38f17f286e6e4cbc65c51fd2bf4f68f597cfdb89a74"", ""previous_hash"": ""d68204fc630a550ba418af0eed00372dac78d07567dde0f9231174e65810d563""}"
2026-03-08T18:25:41.845954+00:00,kommone,08325011,Dietingen,RESULT_UPDATED,"{""current_hash"": ""840cc5d90e9fc19bb3308fa04965cb9c0911dcc1a3aa9fdc1ef0e6b49909433b"", ""previous_hash"": ""cf0711a1a664f44b0d0e37204cc5d53147c8fe43b042c7f06b8ad7fc3f407bbd""}"
2026-03-08T18:25:41.845937+00:00,kommone,08325009,Bösingen,RESULT_UPDATED,"{""current_hash"": ""f86e0fe67b1f9a7e845b4905b2d3ef293f558d99b51f8879395a1a8aa1690e27"", ""previous_hash"": ""cf22aeb2642ecfd1063b0f6997360fedfba5b7e6e75a35ce3f01e11215d8f99e""}"
2026-03-08T18:25:41.845920+00:00,kommone,08325001,Aichhalden,RESULT_UPDATED,"{""current_hash"": ""19b2c13fbb4d2cb8b46e02eae6500c77ff934282fa4183a68d26da8c869f9e63"", ""previous_hash"": ""7b6ffcb63a784a4e314142cddd9bc3d940405dfc5aa00a010c32fdbbe5ddb2c4""}"
2026-03-08T18:25:41.845501+00:00,kommone,08316056,"Waldkirch, Stadt",RESULT_UPDATED,"{""current_hash"": ""4e1e4f21770bb2a7067ea1238f47d2c91d12faefb6f0d569b6735598287c9d49"", ""previous_hash"": ""f68130a87b8fc96972b5548af8fdde7fc573e0d909661b2e5a6ab1ae3e67799f""}"
2026-03-08T18:25:41.845483+00:00,kommone,08316055,Winden im Elztal,RESULT_UPDATED,"{""current_hash"": ""1874fe507fa02044bf6b0ba7de08e20afdf84cd8089f264dacd643824e544936"", ""previous_hash"": ""5e2fa5641dcf3ec7006a999cfdc6822625167e4e22fadeb6aa467107df66bf25""}"
2026-03-08T18:25:41.845450+00:00,kommone,08316051,Wyhl am Kaiserstuhl,RESULT_ADDED,"{""reported_precincts"": null, ""total_precincts"": null}"
2026-03-08T18:25:41.845434+00:00,kommone,08316049,Weisweil,RESULT_ADDED,"{""reported_precincts"": null, ""total_precincts"": null}"
2026-03-08T18:25:41.845414+00:00,kommone,08316045,Vörstetten,RESULT_ADDED,"{""reported_precincts"": null, ""total_precincts"": null}"
2026-03-08T18:25:41.845390+00:00,kommone,08316042,Simonswald,RESULT_UPDATED,"{""current_hash"": ""707a2e5c0e99878d2bb538e025dabe3116d2c20dc61694506f9193bc4f6bb9af"", ""previous_hash"": ""514390419e5db21f3bd0315eeb0490bceb9bc3526ed1f8c17654fcf95d785388""}"
2026-03-08T18:25:41.845359+00:00,kommone,08316038,Sasbach am Kaiserstuhl,RESULT_UPDATED,"{""current_hash"": ""aca6341ac3a5cd21fd971704cddf1ea591f79e21e2b42f7d23f8abf91df912cb"", ""previous_hash"": ""553edb5d390ce1bd4067bd33043a4460e2399f354014dde8415cff266328a225""}"
2026-03-08T18:25:41.845343+00:00,kommone,08316037,Riegel am Kaiserstuhl,RESULT_ADDED,"{""reported_precincts"": null, ""total_precincts"": null}"
2026-03-08T18:25:41.845318+00:00,kommone,08316036,Reute,RESULT_ADDED,"{""reported_precincts"": null, ""total_precincts"": null}"
2026-03-08T18:25:41.845293+00:00,kommone,08316020,"Kenzingen, Stadt",RESULT_UPDATED,"{""current_hash"": ""1f458eb9c7e9222e395bc390ea899754597611d4fe5f8dcca5fe9d6b59915061"", ""previous_hash"": ""eb611ffed54d824972871cc7da56628c4545df872110092fda39fe3ef1fae6b1""}"
2026-03-08T18:25:41.845277+00:00,kommone,08316017,"Herbolzheim, Stadt",RESULT_UPDATED,"{""current_hash"": ""cf789977f5820882e96663b38349fa3dfd8c87e6ec089ce2e9cad8a8711fecf8"", ""previous_hash"": ""41f772f982a5ce779206520222489ba84559ffd44b4cd081fba31f03ba038410""}"
2026-03-08T18:25:41.845245+00:00,kommone,08316012,"Endingen am Kaiserstuhl, Stadt",RESULT_UPDATED,"{""current_hash"": ""ed6b79b6ae6b9ca2e020f98baed267b370bbdb6f04cc1fd859efabc29575b5cd"", ""previous_hash"": ""0174985acc6ef03df16d4275e2923ffd0d8434b7bec379da372aabd196727556""}"
2026-03-08T18:25:41.845228+00:00,kommone,08316011,"Emmendingen, Stadt",RESULT_UPDATED,"{""current_hash"": ""0a43aaa28bc1bfcd295a045fb7bbadaeeb8d12c9d2ab97c872eae1fd72151813"", ""previous_hash"": ""e7b504fe9a9b06327d0e11609ecfc1be4cb6dd123a759206164130bfdc4d4b0b""}"
2026-03-08T18:25:41.845211+00:00,kommone,08316010,"Elzach, Stadt",RESULT_UPDATED,"{""current_hash"": ""48d38212782628adf4d276ce019dc018ac9dcbbfe3cff6afcbd7ac85c28bae09"", ""previous_hash"": ""1d0592b2ee5ba81ad04a6f36efc694c7f2b4752c0bda2e50d5bd51744a0d26a2""}"
2026-03-08T18:25:41.845195+00:00,kommone,08316009,Denzlingen,RESULT_UPDATED,"{""current_hash"": ""aae00ae43cf258dfdada5cf9bf6ace1e2d87bf5acea7109066dc63d81fe87e79"", ""previous_hash"": ""a03434a5b2ea77d03560077a07c348141624cec0581b34f02ea33e8d4b30c7f5""}"
2026-03-08T18:25:41.845176+00:00,kommone,08316003,Biederbach,RESULT_UPDATED,"{""current_hash"": ""a335d5c20915a0111e6ed044bdcf3dcded8ae5986433a63053000cf6e2c19801"", ""previous_hash"": ""9f9c3fce18ba6ba7509e85d7cfa2e0ade702ff318e0583be740d0023c6f9605f""}"
2026-03-08T18:25:41.844748+00:00,kommone,08237075,Bad Rippoldsau-Schapbach,RESULT_ADDED,"{""reported_precincts"": null, ""total_precincts"": null}"
2026-03-08T18:25:41.844732+00:00,kommone,08237074,Waldachtal,RESULT_UPDATED,"{""current_hash"": ""fad5b227e736b1f01cc443726037a33d48d53533aff7c9d4425183e30e8ad00d"", ""previous_hash"": ""2181f8cfc3139bb85974112cbf5b9f21f1eda1de5d5e0746909d860752ecbc70""}"
2026-03-08T18:25:41.844715+00:00,kommone,08237073,Seewald,RESULT_UPDATED,"{""current_hash"": ""b679cebef9025a3ba7feebd641fbea9b9259443a88e2a8ef17450a8e799986e3"", ""previous_hash"": ""bae2b4a2c606c9e212e121413deb865869b587bb8803f8a7deb9dced7d16943b""}"
2026-03-08T18:25:41.844689+00:00,kommone,08237061,Schopfloch,RESULT_UPDATED,"{""current_hash"": ""8b2220202e523a0e28ec0a4a4da6f1abdc21740020dea4c60b086816b9f0e50f"", ""previous_hash"": ""cf52e2d8b6ad0b6ba5d554ec83e625dad79e38fcc5003d66a17bc189f5c2234e""}"
2026-03-08T18:25:41.844672+00:00,kommone,08237054,Pfalzgrafenweiler,RESULT_UPDATED,"{""current_hash"": ""25d1798e2fcb7cad90ac058149a294056935ba82524ea135bed328ae01ec08ac"", ""previous_hash"": ""fc50c1c05d5c20764d41fb84be74ebb311128ad61729b827e661f7ac5d95bbdf""}"
2026-03-08T18:25:41.844655+00:00,kommone,08237045,Loßburg,RESULT_UPDATED,"{""current_hash"": ""c586aec8e7dd2a96bbd34bdc1cd5382a45b2a15cef96c2eb0371d2d55b0d9939"", ""previous_hash"": ""87af694b318be0d6e2b4dad851b6fcd606c64bb54313f3b5a30772cdecf9800e""}"
2026-03-08T18:25:41.844639+00:00,kommone,08237040,"Horb am Neckar, Stadt",RESULT_UPDATED,"{""current_hash"": ""d899b66fa768b8814889048554244ff5e8fd99adc8832baf82b4c3c7a3d8f493"", ""previous_hash"": ""c4a4b6fbfccbdb1f4acf40796136ce5f4c169b873d31050fc835d819555ee7ac""}"
2026-03-08T18:25:41.844614+00:00,kommone,08237030,Glatten,RESULT_UPDATED,"{""current_hash"": ""4082b2b7e17a70183ff3423c0d1badae30848f90431c3be456c28e2d10af4664"", ""previous_hash"": ""4c017045cf9cda35e71f1b1d12d9d264f2dfd4aaeedfcb4f63ab48a4b80231b8""}"
2026-03-08T18:25:41.844597+00:00,kommone,08237028,"Freudenstadt, Stadt",RESULT_UPDATED,"{""current_hash"": ""0c96cf60f7110e451e4747fac1f6441ea1ac971d0f69b169428cd0da0ecd9a87"", ""previous_hash"": ""31a0cf556e8d3ad306ef533e5951135a001a56f4f42bfc34dcb0f81fcc9789bc""}"
2026-03-08T18:25:41.844579+00:00,kommone,08237027,Eutingen im Gäu,RESULT_UPDATED,"{""current_hash"": ""7764e300c5cf8a244c3e2974367e83acbe62ccd9dd9d916d75309c733e10de73"", ""previous_hash"": ""23d9d5ed3a520311e2bb0b11526e2a592f00b9caa14b06f6bcf7035c21c43222""}"
2026-03-08T18:25:41.844563+00:00,kommone,08237024,Empfingen,RESULT_ADDED,"{""reported_precincts"": null, ""total_precincts"": null}"
2026-03-08T18:25:41.844547+00:00,kommone,08237019,"Dornstetten, Stadt",RESULT_ADDED,"{""reported_precincts"": null, ""total_precincts"": null}"
2026-03-08T18:25:41.844531+00:00,kommone,08237004,Baiersbronn,RESULT_UPDATED,"{""current_hash"": ""89b18566f2a9a516b209407493a6e25b1f7c8f98b3a3eee11f8f9dd0249793e9"", ""previous_hash"": ""a1aaa789eec6a077156a47b561530989c9c4c548fbf9e66985aa7313a40511ed""}"
2026-03-08T18:25:41.844514+00:00,kommone,08237002,"Alpirsbach, Stadt",RESULT_UPDATED,"{""current_hash"": ""6888eae6dfe223aece89d97c8a2bcdfdde9ac68ad0248bcf29d42aa83828a02b"", ""previous_hash"": ""3302316c1a4c78aa699b7a95a5306ef0c1edf4b85fb0e109bd504302e07f2168""}"
2026-03-08T18:25:41.844497+00:00,kommone,08236076,Königsbach-Stein,RESULT_UPDATED,"{""current_hash"": ""37292d08d1054bbc8d63d6391e7b9da9bc8942066cc605deffaa3dbc14be244b"", ""previous_hash"": ""fd0de8a6294cad4999c3995b1ef61be75884682181db733176a8adca6064bfc8""}"
2026-03-08T18:25:41.844481+00:00,kommone,08236075,Ölbronn-Dürrn,RESULT_ADDED,"{""reported_precincts"": null, ""total_precincts"": null}"
2026-03-08T18:25:41.844464+00:00,kommone,08236074,Kämpfelbach,RESULT_UPDATED,"{""current_hash"": ""7ac4023d7a61dc53c90d6503b211a6775c6091b8baf9fec21f342e0d2024e757"", ""previous_hash"": ""195bd45af04d123d877578ba2bd3b645cb2dfa90ea38156a106d81d3acaf23cf""}"
2026-03-08T18:25:41.844447+00:00,kommone,08236073,Neulingen,RESULT_UPDATED,"{""current_hash"": ""ea7a2a169ea8214ca1ecfc0f942d8e87a0310add9f834915e7889e65eb281a63"", ""previous_hash"": ""37682bcdffee0ea61ab355953faa3832c04846569ca5696c4310def7240bb1ec""}"
2026-03-08T18:25:41.844426+00:00,kommone,08236072,Straubenhardt,RESULT_UPDATED,"{""current_hash"": ""ffdcfb4b4770ffab311eb8f8be54a6e93a259a02aeb32d34cdaed1889f9fe242"", ""previous_hash"": ""b50ffd88766e2f62901e66ffb71c63aaa40aa8622efb5faacaf7486a3a3947a5""}"
2026-03-08T18:25:41.844399+00:00,kommone,08236070,Keltern,RESULT_UPDATED,"{""current_hash"": ""ca24874807b133e233eaafac0b95a0a1964d65133aeb4af0dd141dd1c2301911"", ""previous_hash"": ""017046b9552567767730c694aaf25421192ca2d5e05f20eda3175031da495b42""}"
2026-03-08T18:25:41.844382+00:00,kommone,08236068,Wurmberg,RESULT_UPDATED,"{""current_hash"": ""825ccdebc2cefa766eb0d8e507033b3971d7b76678809f9c61dd002ade6e5261"", ""previous_hash"": ""6b07a4555f790fce953f20bf9b63407602de2e56feb0fcbf0eb9aa8cefe7d5e0""}"
2026-03-08T18:25:41.844366+00:00,kommone,08236067,Wimsheim,RESULT_UPDATED,"{""current_hash"": ""be146e2530fedc810ab5c6be6b063d8c1d5e3775a02dbff640bb2d1ed9876219"", ""previous_hash"": ""3849a5b9011c5b78f7ca1c62e6ae12e5286fdee93dc1821488b78efd90157e7d""}"
2026-03-08T18:25:41.844349+00:00,kommone,08236065,Wiernsheim,RESULT_UPDATED,"{""current_hash"": ""20560ea5dd563a0a08652a4fe54d4f6d327782b036181c84c6b37c82cc6b132e"", ""previous_hash"": ""ff1f44ced2468a7fa775168bbbc84117c10f7f870d92c7875e90f75a2fb5a5c6""}"
2026-03-08T18:25:41.844331+00:00,kommone,08236062,Tiefenbronn,RESULT_UPDATED,"{""current_hash"": ""f7caf48e4f1e9d086f362781a865726d7daa6a656e09925e10ad491e3e9ec285"", ""previous_hash"": ""41cf16427ad4d0300ce08d9e57aac5ee663b44bffa4ee0b4648bbd21bbea7fe6""}"
2026-03-08T18:25:41.844307+00:00,kommone,08236061,Sternenfels,RESULT_UPDATED,"{""current_hash"": ""ade942d67394f90b98874f3825bb912f72fa87f70f2ae08c153f97c8ca659b13"", ""previous_hash"": ""d9a7bdaa4abf838953a325c936f3d4ea684d005e2f97cc604eed214f97d7948f""}"
2026-03-08T18:25:41.844281+00:00,kommone,08236046,Niefern-Öschelbronn,RESULT_UPDATED,"{""current_hash"": ""5ab05a8c6dc5cc0bc0cb9a941815e248944953b899118e15c52003e3a95caa73"", ""previous_hash"": ""17bd422162e1e6e878ce80428cdf099f10f37a3160e322140e95d1e9c0a4173c""}"
2026-03-08T18:25:41.844263+00:00,kommone,08236044,Neuhausen,RESULT_UPDATED,"{""current_hash"": ""034252161d5c873ff1584c5695f3f734d2501e3c2fa173a29a2df4dd6f713e9b"", ""previous_hash"": ""b77e10b830944a4ef436cdc8d24af7f7725e2b276eb275aca96760cea9c172fe""}"
2026-03-08T18:25:41.844246+00:00,kommone,08236043,"Neuenbürg, Stadt",RESULT_UPDATED,"{""current_hash"": ""f6de9e13391310722f122c1abea50b3842122b7e0fda495978d423f09f7ffa9d"", ""previous_hash"": ""9574b8872925a250a33a0c2d6e481c9ff2ba75c27554d0a29a632ffb759e1689""}"
2026-03-08T18:25:41.844229+00:00,kommone,08236040,"Mühlacker, Stadt",RESULT_UPDATED,"{""current_hash"": ""db996947ef9aa854d3ba4e846bead7d198edb7981719d18a77e54175d3306342"", ""previous_hash"": ""26e46477ab92375beef228b70f1ba93a4f7c1b7a780532446f0c8d295fdc51f4""}"
2026-03-08T18:25:41.844213+00:00,kommone,08236039,Mönsheim,RESULT_ADDED,"{""reported_precincts"": null, ""total_precincts"": null}"
2026-03-08T18:25:41.844196+00:00,kommone,08236038,"Maulbronn, Stadt",RESULT_UPDATED,"{""current_hash"": ""0a6a7cb6ce7e3f3c0691345ab2c467eea7852065ab1bd3b1b0cf2a6f0c588b79"", ""previous_hash"": ""2d3e3b69b65c0730d0225ae2f774aa0fb35b70d2ebd98287beb9e462c1e3f328""}"
2026-03-08T18:25:41.844171+00:00,kommone,08236031,Kieselbronn,RESULT_UPDATED,"{""current_hash"": ""28438b981883b0733bcb72aaf6ea40f2ac84feac9b67a166ae6e93400a2b0211"", ""previous_hash"": ""2d89b02eed975cbdd90bd107f2595f8074d43a649d9415b2ced4be4d3418be1b""}"
2026-03-08T18:25:41.844155+00:00,kommone,08236030,Ispringen,RESULT_ADDED,"{""reported_precincts"": null, ""total_precincts"": null}"
2026-03-08T18:25:41.844131+00:00,kommone,08236025,"Heimsheim, Stadt",RESULT_UPDATED,"{""current_hash"": ""f44fccbc0a77b213c11da1d88256bbba2dee408be19c2f6312836306f4605561"", ""previous_hash"": ""91dbe44f1913f195dd4e15da285a7423824d8540b82d7ba9eea01bed71ed9614""}"
2026-03-08T18:25:41.844115+00:00,kommone,08236019,Friolzheim,RESULT_UPDATED,"{""current_hash"": ""5b956bc7b36c21def36f787d809f8adb0155f5f3eff974bc3a6c19ab62e258f8"", ""previous_hash"": ""2b800e093df3dbe591f6b9be387685ab18c60ef0b600948fc1e16a8ef28c4c88""}"
2026-03-08T18:25:41.844099+00:00,kommone,08236013,Engelsbrand,RESULT_ADDED,"{""reported_precincts"": null, ""total_precincts"": null}"
2026-03-08T18:25:41.844083+00:00,kommone,08236011,Eisingen,RESULT_ADDED,"{""reported_precincts"": null, ""total_precincts"": null}"
2026-03-08T18:25:41.844066+00:00,kommone,08236004,Birkenfeld,RESULT_UPDATED,"{""current_hash"": ""68f182fdbba8085dbcd2be8b3db1d4005201a144a592aef65f64602711ddb17b"", ""previous_hash"": ""72fc808681ce8f2617e3456b255aa46155b2a7aa29b781cbe60d0dce454692e8""}"
2026-03-08T18:25:41.844049+00:00,kommone,08235085,"Calw, Stadt",RESULT_UPDATED,"{""current_hash"": ""88725ad554630859775769b31338a13c875978a8e442173990bc7838c29207a7"", ""previous_hash"": ""ca4e569cc208de8027dc68fe10208ee883370bc9005a68b5376679c051bc14b0""}"
2026-03-08T18:25:41.844034+00:00,kommone,08235084,"Bad Teinach-Zavelstein, Stadt",RESULT_ADDED,"{""reported_precincts"": null, ""total_precincts"": null}"
2026-03-08T18:25:41.844017+00:00,kommone,08235080,"Wildberg, Stadt",RESULT_UPDATED,"{""current_hash"": ""8613ec105c0c5c959abd1e4e3113ffa4c0783b49b5e34db6540da294c8cd4549"", ""previous_hash"": ""f485f3989bb2ea570974b9beb5b51c0658fcf3f0881286c8e0f3dc5e8a2d01cb""}"
2026-03-08T18:25:41.844000+00:00,kommone,08235079,"Bad Wildbad, Stadt",RESULT_UPDATED,"{""current_hash"": ""ffb84bd77b866583aeb4a42d041d9cf7bd58eb688cfa17e1bf99d62c75620cf5"", ""previous_hash"": ""0c924f3b60677d5aec3141f2005c57a685938e3e88d2c8f3d47988fc26550cfd""}"
2026-03-08T18:25:41.843984+00:00,kommone,08235073,Unterreichenbach,RESULT_ADDED,"{""reported_precincts"": null, ""total_precincts"": null}"
2026-03-08T18:25:41.843967+00:00,kommone,08235067,Simmozheim,RESULT_ADDED,"{""reported_precincts"": null, ""total_precincts"": null}"
2026-03-08T18:25:41.843936+00:00,kommone,08235065,Schömberg,RESULT_UPDATED,"{""current_hash"": ""3bcbb61e221e8c4b7e537696603f4335d79c1a074b2717532ed0806c25fda67c"", ""previous_hash"": ""dc78785bedd1ac471d9be51d13a274c68fa39123934ccac34fc0651ebc9a8050""}"
2026-03-08T18:25:41.843898+00:00,kommone,08235055,Oberreichenbach,RESULT_UPDATED,"{""current_hash"": ""29845631d85ced1b9ec30c18deae479d534370f92c185d69cd840c2cd64759ea"", ""previous_hash"": ""d6936189b896f3797ed33ccb7289c396ec24d8b403d1556a63f6dd69f62582f0""}"
2026-03-08T18:25:41.843881+00:00,kommone,08235050,Neuweiler,RESULT_UPDATED,"{""current_hash"": ""80701e6e8b26e8da6b5d138ad829b18b5244a81330ce8da7f8a8442874b3c8d6"", ""previous_hash"": ""fe89902c48f8e54bbd328e8ca304f1faba3249286412b65dc84847490157c75e""}"
2026-03-08T18:25:41.843861+00:00,kommone,08235047,"Neubulach, Stadt",RESULT_UPDATED,"{""current_hash"": ""2b31ca1aa3b3bdb5764d5474c436c6d280b3a5f705053e3d50d39002bf0a9e9a"", ""previous_hash"": ""d79b7b56f165a3fc0fd89117c18c13b8233d63ef18a557ed6f82b2f68aa1f852""}"
2026-03-08T18:25:41.843844+00:00,kommone,08235046,"Nagold, Stadt",RESULT_UPDATED,"{""current_hash"": ""c335318092b2d0ff811c11ec3960ebc57e256874f24fd160b1161560e058d92c"", ""previous_hash"": ""f54b5c4cb5af7a6b2bf6ed1b21cf4c4fa4f77d1ade6b02551870d84e48b3851b""}"
2026-03-08T18:25:41.843814+00:00,kommone,08235033,"Bad Herrenalb, Stadt",RESULT_UPDATED,"{""current_hash"": ""d107df85228c8eb721107f56a9e4601f2a533c976e9bf74d5e6248b18d8b8d5d"", ""previous_hash"": ""0cefbb348a134c781190605ef895e374c458b0eb6d4f0c702e7bf19166848152""}"
2026-03-08T18:25:41.843797+00:00,kommone,08235032,"Haiterbach, Stadt",RESULT_UPDATED,"{""current_hash"": ""1e66944d6760b6986fefca0b9467a4accc087b7f86b7dec1c3149746edbbedee"", ""previous_hash"": ""12f9bd6dd49444dc6d21aa500eadca47e025b667adf7b33046ec08ab41ffbfff""}"
2026-03-08T18:25:41.843762+00:00,kommone,08235022,Egenhausen,RESULT_UPDATED,"{""current_hash"": ""3eb0f622d606c2a0d780eef6f6f7cfede69bb98728aa2a317ab8c0c2a90faed1"", ""previous_hash"": ""e87d39ee93a5bc80fa0d321896ea675b3f2f9effdb747b17839b11e58c610939""}"
2026-03-08T18:25:41.843744+00:00,kommone,08235020,Ebhausen,RESULT_UPDATED,"{""current_hash"": ""f36fd55c12d434df4fd4f3dd1248c81574eeb8151234e44a528e87bb6cc930ab"", ""previous_hash"": ""2c3f56bd3ab9fbad50163239340a50fb4a3429b95ef5da86ab217c4672a9f22b""}"
2026-03-08T18:25:41.843719+00:00,kommone,08235008,"Bad Liebenzell, Stadt",RESULT_UPDATED,"{""current_hash"": ""9855da8fd1b22e23650441c2a2792bb815296999b84f9e9827621fab6edc578b"", ""previous_hash"": ""085ddbb53e4a5e10fbf12789a17509d13fe94eae019b0dd2548067c936b8c5ba""}"
2026-03-08T18:25:41.843702+00:00,kommone,08235007,Althengstett,RESULT_UPDATED,"{""current_hash"": ""5ecc542907f9d9db0260bbf50f43b96d4d7b89bc2bd933dd6ea60a4450a8a391"", ""previous_hash"": ""79a1e4744f12e8ef920a2d3a8e611c0dff28da309e6ebe5eb7ee3685edb38f3a""}"
2026-03-08T18:25:41.843683+00:00,kommone,08235006,"Altensteig, Stadt",RESULT_UPDATED,"{""current_hash"": ""ae66d5cef92fa654a917198b50a750ea6d0a641de13d9a93fa12ea47282557ca"", ""previous_hash"": ""5262693feb72c5ecb1a919fb73bf7860ef262db8c0a8f7e1190c456421589684""}"
2026-03-08T18:25:41.843661+00:00,kommone,08231000,"Pforzheim, Stadt",RESULT_UPDATED,"{""current_hash"": ""ab0d97bc20f4a5d501496613b77c85dad8b88e47879b1a3439ad882c1c609d62"", ""previous_hash"": ""b22770bd139660a80b1a7faa20cbe946e1fca15e50820b54553da38a49c89716""}"
2026-03-08T18:25:41.842926+00:00,kommone,08216059,Weisenbach,RESULT_ADDED,"{""reported_precincts"": null, ""total_precincts"": null}"
2026-03-08T18:25:41.842909+00:00,kommone,08216052,Steinmauern,RESULT_UPDATED,"{""current_hash"": ""29f907aff9c6050e71321b1652192bc0c03d4b8d4e52906d15a1d364c8355996"", ""previous_hash"": ""02dda65256c54a38adb4cee13934453a87e277f714fa9759772434287229b8e3""}"
2026-03-08T18:25:41.842880+00:00,kommone,08216043,"Rastatt, Stadt",RESULT_UPDATED,"{""current_hash"": ""88c40e654966628e7295cac24066f172000aa7c0550a2f5ffbb7f3bdd3d1fa7c"", ""previous_hash"": ""fbbb22a31d5f834bdab9852867537147714ac849d61f64bfa08ad0533928d88d""}"
2026-03-08T18:25:41.842856+00:00,kommone,08216039,Ötigheim,RESULT_ADDED,"{""reported_precincts"": null, ""total_precincts"": null}"
2026-03-08T18:25:41.842832+00:00,kommone,08216029,Loffenau,RESULT_ADDED,"{""reported_precincts"": null, ""total_precincts"": null}"
2026-03-08T18:25:41.842809+00:00,kommone,08216024,"Kuppenheim, Stadt",RESULT_UPDATED,"{""current_hash"": ""392e36477acd3a41b54fd8074f1f0f96d23dd1daa1d1a65593ef8832bc642519"", ""previous_hash"": ""76d0e9882ec8ba6c6bcfe799449a12ceff4ec966562bed50ecd3383d862afbe7""}"
2026-03-08T18:25:41.842777+00:00,kommone,08216017,"Gernsbach, Stadt",RESULT_UPDATED,"{""current_hash"": ""83ad4434ea6930237639fa20a08824c972e5cf732ec87895e055d96068a69c16"", ""previous_hash"": ""030f0216cbb201121a559fd42d1d52e962f7d06fa985723e33d815913c910e1c""}"
2026-03-08T18:25:41.842761+00:00,kommone,08216015,"Gaggenau, Stadt",RESULT_UPDATED,"{""current_hash"": ""39f85eacaf99350cc8567bde24ba745081201ebe95e3f8b9dcfdd425a129f5c0"", ""previous_hash"": ""9181d78e50e8ce009fce58b58e9e2e6f7e25cc13cac3d4d9c66b69692809816d""}"
2026-03-08T18:25:41.842744+00:00,kommone,08216013,Forbach,RESULT_UPDATED,"{""current_hash"": ""40cda1d2315494138b939dd24f164fd62e8bb0b0cde203c94e50dae5652c84e5"", ""previous_hash"": ""f6b805671f66a262f421a8df0753b12402fdd957a62c097817bd16f2918df0be""}"
2026-03-08T18:25:41.842719+00:00,kommone,08216009,Durmersheim,RESULT_UPDATED,"{""current_hash"": ""c7e25bf38a6f51b477ab47ad0d27fc8dfeba8aefc95c17efe8593c6307e0a30c"", ""previous_hash"": ""232b5cd6a5b46fbde7b686cf22bb73faa88884bbde4206fa890f1b045c05ab8e""}"
2026-03-08T18:25:41.842678+00:00,kommone,08216005,Bietigheim,RESULT_UPDATED,"{""current_hash"": ""0a695a3d1398263984ec1e7534a101cf000776e41047bc9fa10e3a3b7aefb282"", ""previous_hash"": ""ce5a382237053bd8bf6198bed52760ab4bf53e4d0892a46498c3f0b2653079e9""}"
2026-03-08T18:25:41.842044+00:00,kommone,08135032,Steinheim am Albuch,RESULT_UPDATED,"{""current_hash"": ""ae2d757c3ccb509edb2a2144008cc0fcb570a030554f8519c884f2445ee15e80"", ""previous_hash"": ""d2c4a38d67a1396c570c09c3bca6dfab4720911c82dc207bb80d6034455d987d""}"
2026-03-08T18:25:41.842028+00:00,kommone,08135031,Sontheim an der Brenz,RESULT_UPDATED,"{""current_hash"": ""8be97235944103d60c28123d1dbe9e7cc3f611aba3a85598b6643fc67fce6507"", ""previous_hash"": ""9654784cb9407f33ae6c5a378dd7febc141430bdcdca5ca64eba30d15d88015a""}"
2026-03-08T18:25:41.842011+00:00,kommone,08135027,"Niederstotzingen, Stadt",RESULT_UPDATED,"{""current_hash"": ""90774e1713c45c92c1edf4986dce144ba9d028cf18ba0e0ccea0c10f911ee722"", ""previous_hash"": ""f9cfe4877bfd1bba1f7f1e3f488b5dcbe0a91ccf064531157156bd87e3cadfa3""}"
2026-03-08T18:25:41.841991+00:00,kommone,08135026,Nattheim,RESULT_UPDATED,"{""current_hash"": ""224fea28228fcc795b243756a4326676bd2d935995a3a523b49659f56bcee447"", ""previous_hash"": ""e51d1ff590143b22e067f5fe0700d841d031e07d18d5b2abbd79831b07047bd7""}"
2026-03-08T18:25:41.841973+00:00,kommone,08135025,Königsbronn,RESULT_UPDATED,"{""current_hash"": ""1d92b544b43567636cee9cb761f2db68efffde31f496a5ac1d1a4ff8ca13fbde"", ""previous_hash"": ""d6963f0a57d99395fb0966afde96bcef40d4159ef0c623583c14738a41c3a9da""}"
2026-03-08T18:25:41.841956+00:00,kommone,08135021,Hermaringen,RESULT_ADDED,"{""reported_precincts"": null, ""total_precincts"": null}"
2026-03-08T18:25:41.841939+00:00,kommone,08135020,"Herbrechtingen, Stadt",RESULT_UPDATED,"{""current_hash"": ""733a44d5b41995d17209190e0f53e597ece6b798e5c6610bdc539f3688835442"", ""previous_hash"": ""367c8931d6324d48e45f1a1e72cbd6667d361051807bd997fc2c550460a46277""}"
2026-03-08T18:25:41.841921+00:00,kommone,08135019,"Heidenheim an der Brenz, Stadt",RESULT_UPDATED,"{""current_hash"": ""4fb3f4982368ee15b2928bc823d1d8e8951073700efc0c00dce44adedf8a53ab"", ""previous_hash"": ""c53dc0437d1fc81dcd3914f5b05481a9e7acacc89b05775d35851092bd4fb82f""}"
2026-03-08T18:25:41.841904+00:00,kommone,08135016,"Giengen an der Brenz, Stadt",RESULT_UPDATED,"{""current_hash"": ""4b7d532d65e316f20811647354e464f4c2372d2b72fafbf3e3fd89bbb5e37543"", ""previous_hash"": ""18b84722f8f0226ac81233453bf10e6d12e8f857a67145bc6e59e556d58678e0""}"
2026-03-08T18:25:41.841886+00:00,kommone,08135015,Gerstetten,RESULT_UPDATED,"{""current_hash"": ""65f64b1ff52403486a59961181c094b5a996eb9ede6c6ff8c6e0eab7e7692677"", ""previous_hash"": ""1620b5ab26baba301c3d0147e58d4eb7159c6cccd36245a02be56d6102d508dc""}"
2026-03-08T18:25:41.841869+00:00,kommone,08135010,Dischingen,RESULT_UPDATED,"{""current_hash"": ""e4472e456bb50e9d3942247b1274dea825d6d0447c809d5ac6223f5060b91289"", ""previous_hash"": ""4d1156c27d55d2d9d3dcef34791446e099f9cd647dc92fbd19834709d8778260""}"
2026-03-08T18:25:41.841853+00:00,kommone,08128139,"Lauda-Königshofen, Stadt",RESULT_UPDATED,"{""current_hash"": ""0478a9b441d100e7c4a4e2a0388edc42513b50298869246bd129bd4fc1f56427"", ""previous_hash"": ""ba542129031183c330b2fda4f5d6195d4d7b0a2220c33b06f2be0071ca0d899a""}"
2026-03-08T18:25:41.841837+00:00,kommone,08128138,Ahorn,RESULT_UPDATED,"{""current_hash"": ""9127cdcdc0580879b3dc275cf48a489d0b7a67f3c766b5589aecec7d8ed95475"", ""previous_hash"": ""78e757860ff9ca1ab5af541e7e25e1787a5961922a6f13ad3fd7945129d7c977""}"
2026-03-08T18:25:41.841812+00:00,kommone,08128131,"Wertheim, Stadt",RESULT_UPDATED,"{""current_hash"": ""2db42de2ea576e29b95b33113f8184fb69b0124d2ef5699f1fa0f7757c19dc8d"", ""previous_hash"": ""91556c1769af863d71adadaead45aa2dd41d90f7dc3e7e07460a397810ca4fe7""}"
2026-03-08T18:25:41.841796+00:00,kommone,08128128,Werbach,RESULT_UPDATED,"{""current_hash"": ""5853f6fa8e575b89810673bb45d894e22855387e6ce8b6294f113f0234fb7fa4"", ""previous_hash"": ""a950c06bfe8c86346f9099bec0696cfb851c78e4cbab78461a44a12147ca2945""}"
2026-03-08T18:25:41.841779+00:00,kommone,08128126,"Weikersheim, Stadt",RESULT_UPDATED,"{""current_hash"": ""993890a96fe72159b17cd9713034797b938a0cfe9c4190ef2d1c77e3cf68f245"", ""previous_hash"": ""846d7c6e699f597b220d4d43560a651bf8d956281269e3f7a5d64ba0597e47b3""}"
2026-03-08T18:25:41.841762+00:00,kommone,08128115,"Tauberbischofsheim, Stadt",RESULT_UPDATED,"{""current_hash"": ""1c0f7fdd123bd00cbdf45806848f5fc4065e3a1b06445b18736afcd6197ecc11"", ""previous_hash"": ""451b93a660dfced2a7b0c44836c93bdecfc7202c45ce3a0fd87472a53ad314b6""}"
2026-03-08T18:25:41.841746+00:00,kommone,08128082,"Niederstetten, Stadt",RESULT_UPDATED,"{""current_hash"": ""c11a304d86f6f67e08efeb41e1b043746447b094e617175f76cdbcb734026b5d"", ""previous_hash"": ""65edfe91557f3369b1aa186f62d9070183679ae7088bb9ccae21dcffb3b17c59""}"
2026-03-08T18:25:41.841729+00:00,kommone,08128064,"Külsheim, Stadt",RESULT_UPDATED,"{""current_hash"": ""c73193558dd31bd23edfc5abc247a0a6954c5d16b776282c3e64c99915f2da33"", ""previous_hash"": ""1230ae58189ceac73d4f17321be7dbe28c979b5733f7d7ba427bc74e69afefea""}"
2026-03-08T18:25:41.841713+00:00,kommone,08128061,Königheim,RESULT_UPDATED,"{""current_hash"": ""411b316f5740e0c28ce8ee23a1e405dcbcb7a2361fe89d373191a585f74d0fb4"", ""previous_hash"": ""ae44b9cfe24385bf998b6c7a07c4d7a54098a696536ed20e9689ad7d39f8e30d""}"
2026-03-08T18:25:41.841696+00:00,kommone,08128058,Igersheim,RESULT_UPDATED,"{""current_hash"": ""be94c3591e0347c9a50644b34062538955fe72ecf401857740a1fb810a551e24"", ""previous_hash"": ""dfb1ac6b6922c23c340e0fb02ba83760847aea3fefc413ef44bdc4ef87751a3e""}"
2026-03-08T18:25:41.841679+00:00,kommone,08128047,"Grünsfeld, Stadt",RESULT_UPDATED,"{""current_hash"": ""1c1bb66bff5822ec980dea941e6072f5cb68e5209d796971b81ff1b52e50e55e"", ""previous_hash"": ""d12e672a1684973bc9d07efb1b3d18f635e891a173b2b6ac6a18e40f0de81702""}"
2026-03-08T18:25:41.841662+00:00,kommone,08128045,Großrinderfeld,RESULT_UPDATED,"{""current_hash"": ""244b4fd678b61842a70ba4e8944874ae83fdf43c25641546cdb5d1772dc688c4"", ""previous_hash"": ""53b2e4f9726c91c9e57358b5d8963c11636cf081ba4d7d3451b86307e87f5d4d""}"
2026-03-08T18:25:41.841645+00:00,kommone,08128039,"Freudenberg, Stadt",RESULT_UPDATED,"{""current_hash"": ""340c605822b918482b291386867466498ebaa75c4a0cdb616ab4a4c3158912ab"", ""previous_hash"": ""e3b87b05edf2b5fe66344d5c526d9d3cb131094105572d1748cf54e0eb015971""}"
2026-03-08T18:25:41.841628+00:00,kommone,08128020,"Creglingen, Stadt",RESULT_UPDATED,"{""current_hash"": ""ccc8dfebefa4ff100a4e1f7d0ec531de549783df3fc8080754785cb4e419d433"", ""previous_hash"": ""7dbbf95f5b02b8e6601ad73616c59b30f1a6bfe942dcb6311629b997abe87876""}"
2026-03-08T18:25:41.841611+00:00,kommone,08128014,"Boxberg, Stadt",RESULT_UPDATED,"{""current_hash"": ""f63e8f6270126cf09737a5f26bf8f063fd45fbed2e52ac0d658ae27b34f76391"", ""previous_hash"": ""3ad61c16e650e61a882a740a3144ebc792489334fde083c1a1d7338793dda15c""}"
2026-03-08T18:25:41.841593+00:00,kommone,08128007,"Bad Mergentheim, Stadt",RESULT_UPDATED,"{""current_hash"": ""41a985fda1f031f75dffca39f64aea73bdc6fc0fc878081234afec01e5f9a979"", ""previous_hash"": ""eeb9a9945f2cb40a07b6ee6add16c6053b9af94890cc6204abc1c46a66917ab7""}"
2026-03-08T18:25:41.841567+00:00,kommone,08127104,Stimpfach,RESULT_UPDATED,"{""current_hash"": ""73cdf4bace4417fb20bbe8cd8d4a569b1c6bbdfbd728c8b49407e48f9bf7ee65"", ""previous_hash"": ""9e484a3ac2b2b90e49d663e5fb76fb57f8723baf22bf3308f4c25a2eb57f2445""}"
2026-03-08T18:25:41.841550+00:00,kommone,08127103,Frankenhardt,RESULT_UPDATED,"{""current_hash"": ""bf6230454581bd54c8b6cb474d9f57e5b86e3213f1eabc33abac57c7262e584a"", ""previous_hash"": ""5d2989d1b3fc6924669018a94f83d47d245045d85b227875a0dea6ed4c552b9c""}"
2026-03-08T18:25:41.841530+00:00,kommone,08127102,Fichtenau,RESULT_UPDATED,"{""current_hash"": ""0874aa9c4fff0cfa8c62c19db3da2511a71b54d720c91f1d77e217f5dc465e2f"", ""previous_hash"": ""aa3804bdd66b70567db1b25aae01e70425520c119884115f8a826cc6d2fee438""}"
2026-03-08T18:25:41.841513+00:00,kommone,08127101,Kreßberg,RESULT_UPDATED,"{""current_hash"": ""fd58b8de437189fcfa039504c12e182a57db774efe7649eda8160783ba53e1a8"", ""previous_hash"": ""2a1914f5cd2b32b23014504b56e18947cc3880219c6d8838579df597257d74d2""}"
2026-03-08T18:25:41.841494+00:00,kommone,08127100,Rosengarten,RESULT_UPDATED,"{""current_hash"": ""023aa3b84832ce6f01f9e693fa0dd241e5569bbff2f6b665fd86bbb8cd7af1d6"", ""previous_hash"": ""93aab20167a81dae43dd86b49d4b08a740ae2bd2a099235d5687310084082d49""}"
2026-03-08T18:25:41.841455+00:00,kommone,08127086,Untermünkheim,RESULT_UPDATED,"{""current_hash"": ""6e4e5cb32f717d0288c6a831d18ddd76b4c6cd43f124412a0c3592871f235a2d"", ""previous_hash"": ""9862e129b4db1934ddd064a7d041943d742dc285cfb586cda2214bd250f27774""}"
2026-03-08T18:25:41.841426+00:00,kommone,08127076,"Schwäbisch Hall, Stadt",RESULT_UPDATED,"{""current_hash"": ""fb1457c20e76ba7c44d66de8fda0fc7bfde2d74228a020317f092bc74555e1cf"", ""previous_hash"": ""1d0e865dffa4b5d7219651898b97c840a275dc03b6d577afd594cb0991228797""}"
2026-03-08T18:25:41.841410+00:00,kommone,08127075,"Schrozberg, Stadt",RESULT_UPDATED,"{""current_hash"": ""d7870049b866a096dde4fc25871fbecbb5e7163ec7fd2ae7cf3fb29f3217e0c4"", ""previous_hash"": ""7da6f78523b820d0e58ee5b44392ced64874f7785c7eef4340d86bb5ce7583d6""}"
2026-03-08T18:25:41.841393+00:00,kommone,08127073,Satteldorf,RESULT_UPDATED,"{""current_hash"": ""e5161d56f4c41d8c98764407b850f6993c4722f417410cec3d0279ce74a3c340"", ""previous_hash"": ""519f659a6e9fe6437d26dcc0e62b4ccd92fda891a1b30a8b71ef8c0f05ccdee3""}"
2026-03-08T18:25:41.841377+00:00,kommone,08127071,Rot am See,RESULT_UPDATED,"{""current_hash"": ""933315c21276a19f2708be022139bff3cb95e18a62a9554675bd1b4174bea684"", ""previous_hash"": ""71518783ecab280c27cdf25e7862deb944c1c31b78be919fec8723af121f76fd""}"
2026-03-08T18:25:41.841343+00:00,kommone,08127059,Michelfeld,RESULT_UPDATED,"{""current_hash"": ""4def92b65e946878757f83803ee5087bed5e8541bf785616d1c39614d636923c"", ""previous_hash"": ""2fdd02c545888faeb46a75cbf7539c8f415feac6b99748958f737aab55178d26""}"
2026-03-08T18:25:41.841307+00:00,kommone,08127052,Mainhardt,RESULT_UPDATED,"{""current_hash"": ""e9fac30eb2c21b0a87a728a038f6f2b5028d81fcf85112997457f521a2f2e657"", ""previous_hash"": ""0c48047aadaeb4becce1aa2244aa7f30a65ab415549012107ee2e65080cdfce2""}"
2026-03-08T18:25:41.841290+00:00,kommone,08127047,"Langenburg, Stadt",RESULT_UPDATED,"{""current_hash"": ""0d2f600e16687558ba8a9a9891d244fe29359c4b61758ad07ba72993838ad61e"", ""previous_hash"": ""d076a84789ef3914ae327c7e0000da39b6093781c4e828cc7e1276c18b65ce3a""}"
2026-03-08T18:25:41.841274+00:00,kommone,08127046,"Kirchberg an der Jagst, Stadt",RESULT_UPDATED,"{""current_hash"": ""4e69ba47da6ced220609454ef5e713f73eb8180dcb0e106ae2adaaf254786b1f"", ""previous_hash"": ""8b7cf99888ddbe2210f09cc96d654321abed3bfb4e8a844a99cf845a96834845""}"
2026-03-08T18:25:41.841257+00:00,kommone,08127043,"Ilshofen, Stadt",RESULT_UPDATED,"{""current_hash"": ""01d3eced54fe894105042c53f0666b949f3117f0afc01020f1cbd3d79ded305d"", ""previous_hash"": ""22d5304dc35f62907ed63baf30448726016c1e9de6c696a6a0b12959b657e6d6""}"
2026-03-08T18:25:41.841240+00:00,kommone,08127032,"Gerabronn, Stadt",RESULT_UPDATED,"{""current_hash"": ""b5e3e9c01ed54bae72dc03918a3e38e6ac67322e7dba34a6db171ead7cc440d5"", ""previous_hash"": ""0673877a71f4cbd0b2e9506e1fbb1f18826ec3e12b39a3505bd5dcf79de69dc7""}"
2026-03-08T18:25:41.841223+00:00,kommone,08127025,"Gaildorf, Stadt",RESULT_UPDATED,"{""current_hash"": ""f8ed5b14ad9e1a64c5d04f9e480009414f6c568630b231a66c61945a636e061d"", ""previous_hash"": ""659ab0fd829d23ed985b0b8f00f852437d8a27695f8fc386f1098e813dff881d""}"
2026-03-08T18:25:41.841198+00:00,kommone,08127014,"Crailsheim, Stadt",RESULT_UPDATED,"{""current_hash"": ""e776097ec4349611d90595b55b8348f93e7eef97622372e673d8b3ac44c344f6"", ""previous_hash"": ""d2bcfbab79759e0f44b86a6de17ba46c912be7ff56e1c87a389350b802b51e9e""}"
2026-03-08T18:25:41.841167+00:00,kommone,08127012,Bühlertann,RESULT_UPDATED,"{""current_hash"": ""1555c38e4f3040c3a677f3b23f1796e3ca6593cefccd7c4bd17ac4250ce43264"", ""previous_hash"": ""bc07a6c9ea335228ba1a73ab23841cfe45d66f385df4c60a1a3cdb33a09c3ecc""}"
2026-03-08T18:25:41.841151+00:00,kommone,08127009,Braunsbach,RESULT_UPDATED,"{""current_hash"": ""ac3ab3fbe4887bd0113b0fd008c6360ad68bd55c283fb1988ac9f1b1f4543ade"", ""previous_hash"": ""316334e51364759192fdea7c5c9743e9a3bf003f4fa2f25a7d64280fc345415e""}"
2026-03-08T18:25:41.841133+00:00,kommone,08127008,Blaufelden,RESULT_UPDATED,"{""current_hash"": ""abe05937b55323cb6b2d7456108d68146620c9ebb03a10279613481f2eecd257"", ""previous_hash"": ""1cbd8a3f818c9449169805d44213e0ccdc1dd4a27bf1a6a9894edc0ba8b0dead""}"
2026-03-08T18:25:41.841103+00:00,kommone,08126086,Weißbach,RESULT_UPDATED,"{""current_hash"": ""2a3aff7cc83eb4cbeb086355fcf3da2b6e4eb14088efb7c0baed6f555a755e01"", ""previous_hash"": ""41e92bba6821048c079eb6d908757b2858827776de315b526946cc3794bbe8dc""}"
2026-03-08T18:25:41.841086+00:00,kommone,08126085,"Waldenburg, Stadt",RESULT_UPDATED,"{""current_hash"": ""aff2ac1ce08b98d4b03a1eb482ea1320980bf5707fb98e09f9b450da03e8fafd"", ""previous_hash"": ""4b60d59480515a8830801eee1a10c8af942fa7cac1b038af2fc9bd441c29b49e""}"
2026-03-08T18:25:41.841069+00:00,kommone,08126072,Schöntal,RESULT_UPDATED,"{""current_hash"": ""92770b5c5df2ab2130cdff378cd4f9b0bd9dfaaecb7108d8d8fdd1e59d41ff50"", ""previous_hash"": ""a4d309e8f8fdca506d26618a6342b134aa10449bf3ccbadfa0c94127947520a0""}"
2026-03-08T18:25:41.841051+00:00,kommone,08126069,Pfedelbach,RESULT_UPDATED,"{""current_hash"": ""6b72eec8a99252a43b1df5c7062e780b60c6892236fcdfce009a7bd73dcd4754"", ""previous_hash"": ""0fe9766288ffa0f836fd4a5b081658230608ea6f3ad7bdeb22dec7f47be9a996""}"
2026-03-08T18:25:41.841028+00:00,kommone,08126066,"Öhringen, Stadt",RESULT_UPDATED,"{""current_hash"": ""b1da9e9e58d705e996404a54d8970ee0f5112bf0a2e29f03b3b03f56c555cd26"", ""previous_hash"": ""b4ba5ee078d5b6b3fb0871096d59f3d09b2198f447dff6401570ab2615262444""}"
2026-03-08T18:25:41.841010+00:00,kommone,08126060,"Niedernhall, Stadt",RESULT_ADDED,"{""reported_precincts"": null, ""total_precincts"": null}"
2026-03-08T18:25:41.840993+00:00,kommone,08126058,"Neuenstein, Stadt",RESULT_UPDATED,"{""current_hash"": ""400d4e36d65e1c959c304d49ae20082a3e50d78c7e764f21b60dab1eac4d7b01"", ""previous_hash"": ""e529a4928f379d18d5bf2d52c708414f8d016a7c250e43dca5619248eba41e38""}"
2026-03-08T18:25:41.840976+00:00,kommone,08126056,Mulfingen,RESULT_UPDATED,"{""current_hash"": ""662d50e72b007e7fcc67675c507fbc53c693e2182322d47953270ef4b9b37066"", ""previous_hash"": ""2370e2795121cf684a33615da942fc27fb1ba7711e6fa720d60f854043b88162""}"
2026-03-08T18:25:41.840959+00:00,kommone,08126047,Kupferzell,RESULT_UPDATED,"{""current_hash"": ""e738e529b43fdf0699dd8820cc26375d05e2c6aba460c3021ba9787556432425"", ""previous_hash"": ""8269794f0e87bbd1049d6e634be523008c46a747af72bcb839230dc934b20a8a""}"
2026-03-08T18:25:41.840942+00:00,kommone,08126046,"Künzelsau, Stadt",RESULT_UPDATED,"{""current_hash"": ""e1e9c9b627a4b7db886d1fbfad8e10ea5e4526b181488b8330a63804627d3d69"", ""previous_hash"": ""c42454027f02becee57afbf84a451cda51d2e72e2afa0448fdb2bddea28ec419""}"
2026-03-08T18:25:41.840924+00:00,kommone,08126045,"Krautheim, Stadt",RESULT_UPDATED,"{""current_hash"": ""118173cdce61cdc279b14520ab089d41ac789817e902de911690595cc81c60a2"", ""previous_hash"": ""8fa4c184b308ef008eb678abd774df2b66690b6cc8df488fba909b98b66b2432""}"
2026-03-08T18:25:41.840906+00:00,kommone,08126039,"Ingelfingen, Stadt",RESULT_UPDATED,"{""current_hash"": ""7b738c28ee9c670ef5513afdef2710d5e2dfa15afaa8053920035fcd3a1080bd"", ""previous_hash"": ""2832e44d1ea2aa5d3cea9c030fdf6043087b7276b800214683abd0b304ac27d2""}"
2026-03-08T18:25:41.840879+00:00,kommone,08126020,Dörzbach,RESULT_UPDATED,"{""current_hash"": ""6fe87aa0556c53aafe5bcfca6f7c16213b057a0068eac3efd77087a471abc484"", ""previous_hash"": ""6dca42fed96949fc80a86b4f65efdeee680e8f3f9b82061a96000c69e1490608""}"
2026-03-08T18:25:41.840862+00:00,kommone,08126011,Bretzfeld,RESULT_UPDATED,"{""current_hash"": ""5139b578f4c43189ae6eb649cc0773f71e71b0bebf4e696a8ac08a43a7eaf658"", ""previous_hash"": ""d79bc12b98e233ab45ada8f2a9c2a564d9e1139e2061c31d8acde50973082e03""}"
2026-03-08T18:25:41.840768+00:00,kommone,08125094,Talheim,RESULT_ADDED,"{""reported_precincts"": null, ""total_precincts"": null}"
2026-03-08T18:25:41.840702+00:00,kommone,08125074,Nordheim,RESULT_UPDATED,"{""current_hash"": ""724b6cab57053c054d77b106361ec252123619490d1becdca0575ae95c084fd2"", ""previous_hash"": ""2f06e108cbd849836966fd6ad05aa7d93e1569fb3796f939ba11f6b0dfa6918d""}"
2026-03-08T18:25:41.840624+00:00,kommone,08125058,"Leingarten, Stadt",RESULT_UPDATED,"{""current_hash"": ""a748b8d5b996c42b9bfa4175978a4a68bb72b58b5b668a969ec71f0aa99a163a"", ""previous_hash"": ""94837cac7d9e816ae89bc105e3c47ea3abf0b34167ad6d6266c06d0bcaaf6c33""}"
2026-03-08T18:25:41.840524+00:00,kommone,08125030,Flein,RESULT_ADDED,"{""reported_precincts"": null, ""total_precincts"": null}"
2026-03-08T18:25:41.840330+00:00,kommone,08121000,"Heilbronn, Universitätsstadt",RESULT_UPDATED,"{""current_hash"": ""c120a8542ada69c30abaa30928d1cdf55594b7c3b52d7b6634af76e9983b05fb"", ""previous_hash"": ""2b336c455f65e1b38a8466510ceceb6dd787c8ac64ca5e0d32c8032e1278b53a""}"
